-- phpMyAdmin SQL Dump
-- version 4.6.6
-- https://www.phpmyadmin.net/
--
-- Host: mysql01.cl2000.ams1.nl.leaseweb.net:3306
-- Generation Time: Jul 16, 2018 at 10:04 PM
-- Server version: 5.6.33-0ubuntu0.14.04.1-log
-- PHP Version: 5.6.14

SET SQL_MODE = "NO_AUTO_VALUE_ON_ZERO";
SET time_zone = "+00:00";


/*!40101 SET @OLD_CHARACTER_SET_CLIENT=@@CHARACTER_SET_CLIENT */;
/*!40101 SET @OLD_CHARACTER_SET_RESULTS=@@CHARACTER_SET_RESULTS */;
/*!40101 SET @OLD_COLLATION_CONNECTION=@@COLLATION_CONNECTION */;
/*!40101 SET NAMES utf8mb4 */;

--
-- Database: `1611289344_api_beep`
--

-- --------------------------------------------------------

--
-- Table structure for table `categories`
--

DROP TABLE IF EXISTS `categories`;
CREATE TABLE IF NOT EXISTS `categories` (
  `id` int(10) UNSIGNED NOT NULL AUTO_INCREMENT,
  `parent_id` int(10) UNSIGNED DEFAULT NULL,
  `type` varchar(255) COLLATE utf8_unicode_ci DEFAULT NULL,
  `name` text COLLATE utf8_unicode_ci,
  `options` text COLLATE utf8_unicode_ci,
  `created_at` timestamp NULL DEFAULT NULL,
  `updated_at` timestamp NULL DEFAULT NULL,
  `_lft` int(10) UNSIGNED NOT NULL DEFAULT '0',
  `_rgt` int(10) UNSIGNED NOT NULL DEFAULT '0',
  `icon` varchar(255) COLLATE utf8_unicode_ci DEFAULT NULL,
  `source` text COLLATE utf8_unicode_ci,
  `description` text COLLATE utf8_unicode_ci,
  `category_input_id` int(10) UNSIGNED DEFAULT NULL,
  `physical_quantity_id` int(10) UNSIGNED DEFAULT NULL,
  `old_id` varchar(30) COLLATE utf8_unicode_ci DEFAULT NULL,
  PRIMARY KEY (`id`),
  KEY `categories_parent_id_foreign` (`parent_id`),
  KEY `categories_id_index` (`id`),
  KEY `categories__lft__rgt_parent_id_index` (`_lft`,`_rgt`,`parent_id`),
  KEY `categories_category_input_id_foreign` (`category_input_id`),
  KEY `categories_physical_quantity_id_foreign` (`physical_quantity_id`),
  KEY `categories_type_index` (`type`)
) ENGINE=InnoDB AUTO_INCREMENT=962 DEFAULT CHARSET=utf8 COLLATE=utf8_unicode_ci;

--
-- Truncate table before insert `categories`
--

TRUNCATE TABLE `categories`;
--
-- Dumping data for table `categories`
--

INSERT INTO `categories` (`id`, `parent_id`, `type`, `name`, `options`, `created_at`, `updated_at`, `_lft`, `_rgt`, `icon`, `source`, `description`, `category_input_id`, `physical_quantity_id`, `old_id`) VALUES
(1, NULL, 'system', 'apiary', NULL, '2018-02-06 17:01:03', '2018-03-28 17:52:23', 1, 62, NULL, NULL, NULL, 1, NULL, '1'),
(2, 1, '0', 'name', NULL, '2018-02-06 17:01:03', '2018-02-07 11:21:32', 2, 3, NULL, NULL, NULL, 4, NULL, NULL),
(3, 1, 'list', 'location', NULL, '2018-02-06 17:01:03', '2018-03-12 21:44:38', 4, 5, NULL, NULL, NULL, 31, NULL, NULL),
(12, 1, '1', 'number_of_bee_colonies', NULL, '2018-02-06 17:01:03', '2018-02-07 11:21:46', 6, 7, NULL, NULL, NULL, 10, NULL, NULL),
(13, 1, 'list', 'orientation', NULL, '2018-02-06 17:01:03', '2018-03-30 18:07:27', 8, 27, NULL, NULL, NULL, 7, NULL, NULL),
(16, 13, '0', 'north', NULL, '2018-02-06 17:01:03', '2018-03-12 10:32:16', 9, 10, NULL, NULL, NULL, 2, NULL, NULL),
(17, 13, '1', 'northeast', NULL, '2018-02-06 17:01:03', '2018-03-12 10:32:16', 11, 12, NULL, NULL, NULL, 2, NULL, NULL),
(18, 13, '2', 'east', NULL, '2018-02-06 17:01:03', '2018-03-12 10:32:16', 13, 14, NULL, NULL, NULL, 2, NULL, NULL),
(19, 13, '3', 'southeast', NULL, '2018-02-06 17:01:03', '2018-03-12 10:32:16', 15, 16, NULL, NULL, NULL, 2, NULL, NULL),
(20, 13, '4', 'south', NULL, '2018-02-06 17:01:03', '2018-03-12 10:32:17', 17, 18, NULL, NULL, NULL, 2, NULL, NULL),
(21, 13, '5', 'southwest', NULL, '2018-02-06 17:01:03', '2018-03-12 10:32:17', 19, 20, NULL, NULL, NULL, 2, NULL, NULL),
(22, 13, '6', 'west', NULL, '2018-02-06 17:01:03', '2018-03-12 10:32:17', 21, 22, NULL, NULL, NULL, 2, NULL, NULL),
(23, 13, '7', 'northwest', NULL, '2018-02-06 17:01:03', '2018-03-12 10:32:17', 23, 24, NULL, NULL, NULL, 2, NULL, NULL),
(24, 13, '8', 'various', NULL, '2018-02-06 17:01:03', '2018-03-12 10:32:17', 25, 26, NULL, NULL, NULL, 2, NULL, NULL),
(25, 1, 'list', 'status', NULL, '2018-02-06 17:01:03', '2018-03-30 18:07:27', 28, 33, NULL, NULL, NULL, 7, NULL, NULL),
(26, 25, '0', 'active', NULL, '2018-02-06 17:01:03', '2018-02-26 21:06:52', 29, 30, NULL, NULL, NULL, 2, NULL, NULL),
(28, 1, 'system', 'photo', NULL, '2018-02-06 17:01:03', '2018-04-23 11:23:52', 34, 35, NULL, NULL, NULL, 20, NULL, NULL),
(29, NULL, 'system', 'hive', NULL, '2018-02-06 17:01:03', '2018-03-28 17:48:52', 63, 276, NULL, NULL, NULL, 1, NULL, NULL),
(30, 29, 'system', 'id', NULL, '2018-02-06 17:01:03', '2018-05-18 22:22:13', 64, 67, NULL, NULL, NULL, 32, NULL, NULL),
(31, 30, '0', 'name', NULL, '2018-02-06 17:01:03', '2018-02-22 22:05:19', 65, 66, NULL, NULL, NULL, 4, NULL, NULL),
(32, 450, 'checklist', 'queen_excluder', NULL, '2018-02-06 17:01:03', '2018-07-08 21:54:58', 577, 578, NULL, NULL, NULL, 2, NULL, NULL),
(34, 29, 'system', 'type', NULL, '2018-02-06 17:01:03', '2018-05-18 22:21:23', 68, 137, NULL, NULL, NULL, 32, NULL, NULL),
(37, 34, 'checklist', 'traditional', NULL, '2018-02-06 17:01:03', '2018-04-02 20:08:58', 69, 76, NULL, NULL, NULL, 6, NULL, NULL),
(38, 37, 'checklist', 'skep', NULL, '2018-02-06 17:01:03', '2018-04-23 15:02:46', 70, 71, NULL, NULL, NULL, 2, NULL, '7'),
(39, 37, '1', 'mud_or_clay', NULL, '2018-02-06 17:01:03', '2018-02-06 17:01:03', 72, 73, NULL, NULL, NULL, 2, NULL, NULL),
(41, 37, '3', 'log', NULL, '2018-02-06 17:01:03', '2018-02-06 17:01:03', 74, 75, NULL, NULL, NULL, 2, NULL, NULL),
(42, 34, 'checklist', 'modern', NULL, '2018-02-06 17:01:03', '2018-04-02 20:08:58', 77, 130, NULL, NULL, NULL, 6, NULL, NULL),
(43, 42, 'checklist', 'spaarkast', NULL, '2018-02-06 17:01:03', '2018-04-23 15:03:09', 78, 79, NULL, NULL, NULL, 2, NULL, '1'),
(44, 42, 'checklist', 'segeberger', NULL, '2018-02-06 17:01:03', '2018-04-23 15:02:02', 80, 81, NULL, NULL, NULL, 2, NULL, '2'),
(45, 42, 'checklist', 'dadant', NULL, '2018-02-06 17:01:03', '2018-04-23 15:01:03', 82, 83, NULL, NULL, NULL, 2, NULL, '3'),
(46, 42, 'checklist', 'langstroth', NULL, '2018-02-06 17:01:03', '2018-04-23 15:01:41', 84, 85, NULL, 'https://en.wikipedia.org/wiki/Langstroth_hive', NULL, 2, NULL, '4'),
(47, 42, 'checklist', 'top-bar', NULL, '2018-02-06 17:01:03', '2018-04-23 15:03:39', 86, 87, NULL, NULL, NULL, 2, NULL, '5'),
(48, 42, 'checklist', 'simplex', NULL, '2018-02-06 17:01:03', '2018-04-23 15:02:25', 88, 89, NULL, NULL, NULL, 2, NULL, '6'),
(49, 42, 'checklist', 'william_broughton_carr', NULL, '2018-02-06 17:01:03', '2018-04-23 15:04:09', 90, 91, NULL, NULL, NULL, 2, NULL, '8'),
(50, 42, '7', 'flow_hive', NULL, '2018-02-06 17:01:03', '2018-02-06 17:01:03', 92, 93, NULL, NULL, NULL, 2, NULL, NULL),
(51, 42, '8', 'bs_improved_national', NULL, '2018-02-06 17:01:03', '2018-02-06 17:01:03', 94, 95, NULL, NULL, NULL, 2, NULL, NULL),
(52, 42, '9', 'commercial', NULL, '2018-02-06 17:01:03', '2018-02-06 17:01:03', 96, 97, NULL, NULL, NULL, 2, NULL, NULL),
(53, 42, '10', 'charles_nash_abbott', NULL, '2018-02-06 17:01:03', '2018-02-06 17:01:03', 98, 99, NULL, NULL, NULL, 2, NULL, NULL),
(54, 42, '11', 'dartington_long_deep', NULL, '2018-02-06 17:01:03', '2018-02-06 17:01:03', 100, 101, NULL, NULL, NULL, 2, NULL, NULL),
(55, 42, '12', 'beehaus', NULL, '2018-02-06 17:01:03', '2018-02-06 17:01:03', 102, 103, NULL, NULL, NULL, 2, NULL, NULL),
(56, 42, '13', 'long_box', NULL, '2018-02-06 17:01:03', '2018-02-06 17:01:03', 104, 105, NULL, NULL, NULL, 2, NULL, NULL),
(57, 42, '14', 'warre', NULL, '2018-02-06 17:01:03', '2018-03-12 13:55:57', 106, 107, NULL, NULL, NULL, 2, NULL, NULL),
(58, 42, '15', 'perone', NULL, '2018-02-06 17:01:03', '2018-02-06 17:01:03', 108, 109, NULL, NULL, NULL, 2, NULL, NULL),
(59, 42, '16', 'kempisch', NULL, '2018-02-06 17:01:03', '2018-02-06 17:01:03', 110, 111, NULL, NULL, NULL, 2, NULL, NULL),
(60, 42, '17', 'decoy_hive', NULL, '2018-02-06 17:01:03', '2018-02-06 17:01:03', 112, 113, NULL, NULL, NULL, 2, NULL, NULL),
(61, 42, '18', 'observation_hive', NULL, '2018-02-06 17:01:03', '2018-02-06 17:01:03', 114, 115, NULL, NULL, NULL, 2, NULL, NULL),
(62, 42, '19', 'einraumbeute', NULL, '2018-02-06 17:01:03', '2018-02-06 17:01:03', 116, 117, NULL, NULL, NULL, 2, NULL, NULL),
(63, 42, 'checklist', 'custom', NULL, '2018-02-06 17:01:03', '2018-05-01 13:07:25', 126, 127, NULL, NULL, NULL, 2, NULL, NULL),
(64, 29, 'system', 'frame_size', NULL, '2018-02-06 17:01:03', '2018-05-18 22:22:31', 138, 143, NULL, NULL, NULL, 32, NULL, NULL),
(65, 64, 'checklist', 'wide', NULL, '2018-02-06 17:01:03', '2018-03-31 23:31:39', 139, 140, NULL, NULL, NULL, 10, 4, NULL),
(69, 64, 'checklist', 'long', NULL, '2018-02-06 17:01:03', '2018-03-31 23:31:19', 141, 142, NULL, NULL, NULL, 10, 4, NULL),
(73, 149, 'checklist', 'space', NULL, '2018-02-06 17:01:03', '2018-04-10 19:05:49', 644, 661, NULL, NULL, NULL, 32, NULL, NULL),
(75, 866, 'checklist', 'too_little', NULL, '2018-02-06 17:01:03', '2018-04-10 19:20:21', 658, 659, NULL, NULL, NULL, 2, NULL, NULL),
(76, 866, 'checklist', 'just_right', NULL, '2018-02-06 17:01:03', '2018-04-10 19:18:26', 652, 653, NULL, NULL, NULL, 2, NULL, NULL),
(77, 866, 'checklist', 'spacious', NULL, '2018-02-06 17:01:03', '2018-04-10 19:19:02', 654, 655, NULL, NULL, NULL, 2, NULL, NULL),
(78, 866, 'checklist', 'too_much', NULL, '2018-02-06 17:01:03', '2018-04-10 19:19:50', 656, 657, NULL, NULL, NULL, 2, NULL, NULL),
(79, 73, 'list', 'unoccupied_frames', NULL, '2018-02-06 17:01:03', '2018-03-29 19:45:12', 645, 650, NULL, NULL, NULL, 32, NULL, NULL),
(80, 79, 'list', 'brood_frames', NULL, '2018-02-06 17:01:03', '2018-02-26 22:10:14', 646, 647, NULL, NULL, NULL, 10, NULL, NULL),
(82, 79, 'list', 'super_frames', NULL, '2018-02-06 17:01:03', '2018-02-26 22:09:59', 648, 649, NULL, NULL, NULL, 10, NULL, NULL),
(84, 29, 'system', 'configuration', NULL, '2018-02-06 17:01:03', '2018-05-18 22:22:51', 144, 227, NULL, NULL, NULL, 32, NULL, NULL),
(85, 84, 'list', 'brood_layers', NULL, '2018-02-06 17:01:03', '2018-03-12 17:38:53', 145, 146, NULL, NULL, NULL, 10, NULL, '56'),
(87, 84, 'list', 'supers', NULL, '2018-02-06 17:01:03', '2018-03-12 17:39:31', 147, 148, NULL, NULL, NULL, 8, NULL, '57'),
(89, 84, 'list', 'frames_per_layer', NULL, '2018-02-06 17:01:03', '2018-03-12 17:40:03', 149, 150, NULL, NULL, NULL, 10, NULL, '60'),
(91, 84, 'checklist', 'orientation', NULL, '2018-02-06 17:01:03', '2018-03-31 23:32:38', 151, 168, NULL, NULL, NULL, 6, NULL, NULL),
(94, 91, '0', 'north', NULL, '2018-02-06 17:01:03', '2018-03-12 12:18:23', 152, 153, NULL, NULL, NULL, 2, NULL, NULL),
(95, 91, '1', 'northeast', NULL, '2018-02-06 17:01:03', '2018-03-12 12:18:23', 154, 155, NULL, NULL, NULL, 2, NULL, NULL),
(96, 91, '2', 'east', NULL, '2018-02-06 17:01:03', '2018-03-12 12:18:23', 156, 157, NULL, NULL, NULL, 2, NULL, NULL),
(97, 91, '3', 'southeast', NULL, '2018-02-06 17:01:03', '2018-03-12 12:18:23', 158, 159, NULL, NULL, NULL, 2, NULL, NULL),
(98, 91, '4', 'south', NULL, '2018-02-06 17:01:03', '2018-03-12 12:18:23', 160, 161, NULL, NULL, NULL, 2, NULL, NULL),
(99, 91, '5', 'southwest', NULL, '2018-02-06 17:01:03', '2018-03-12 12:18:23', 162, 163, NULL, NULL, NULL, 2, NULL, NULL),
(100, 91, '6', 'west', NULL, '2018-02-06 17:01:03', '2018-03-12 12:18:23', 164, 165, NULL, NULL, NULL, 2, NULL, NULL),
(101, 91, '7', 'northwest', NULL, '2018-02-06 17:01:03', '2018-03-12 12:18:23', 166, 167, NULL, NULL, NULL, 2, NULL, NULL),
(102, 84, 'list', 'component', NULL, '2018-02-06 17:01:03', '2018-03-29 19:45:12', 169, 226, NULL, NULL, NULL, 32, NULL, NULL),
(103, 102, 'list', 'type', NULL, '2018-02-06 17:01:03', '2018-03-30 18:07:27', 170, 209, NULL, NULL, NULL, 7, NULL, NULL),
(104, 103, '0', 'brood_chamber', NULL, '2018-02-06 17:01:03', '2018-02-26 20:42:15', 171, 172, NULL, NULL, NULL, 2, NULL, NULL),
(105, 103, '1', 'super', NULL, '2018-02-06 17:01:03', '2018-02-06 17:01:03', 173, 174, NULL, NULL, NULL, 2, NULL, NULL),
(106, 103, '2', 'queen_excluder', NULL, '2018-02-06 17:01:03', '2018-02-06 17:01:03', 175, 176, NULL, NULL, NULL, 2, NULL, NULL),
(107, 103, '3', 'varroa_drawer', NULL, '2018-02-06 17:01:03', '2018-02-06 17:01:03', 177, 178, NULL, NULL, NULL, 2, NULL, NULL),
(108, 103, '4', 'bee_lock', NULL, '2018-02-06 17:01:03', '2018-02-06 17:01:03', 179, 180, NULL, NULL, NULL, 2, NULL, NULL),
(109, 103, '5', 'feeding_unit', NULL, '2018-02-06 17:01:03', '2018-02-06 17:01:03', 181, 182, NULL, NULL, NULL, 2, NULL, NULL),
(110, 103, '6', 'entrance_reducer', NULL, '2018-02-06 17:01:03', '2018-02-06 17:01:03', 183, 184, NULL, NULL, NULL, 2, NULL, NULL),
(111, 103, '7', 'entrance_grill', NULL, '2018-02-06 17:01:03', '2018-02-06 17:01:03', 185, 186, NULL, NULL, NULL, 2, NULL, NULL),
(112, 103, '8', 'empty_frame', NULL, '2018-02-06 17:01:03', '2018-02-06 17:01:03', 187, 188, NULL, NULL, NULL, 2, NULL, NULL),
(113, 103, '9', 'frame_with_comb_foundation', NULL, '2018-02-06 17:01:03', '2018-02-06 17:01:03', 189, 190, NULL, NULL, NULL, 2, NULL, NULL),
(114, 103, '10', 'frame_with_drawn_comb', NULL, '2018-02-06 17:01:03', '2018-02-06 17:01:03', 191, 192, NULL, NULL, NULL, 2, NULL, NULL),
(115, 103, '11', 'block_frame', NULL, '2018-02-06 17:01:03', '2018-02-06 17:01:03', 193, 194, NULL, NULL, NULL, 2, NULL, NULL),
(116, 103, '12', 'honey_frame', NULL, '2018-02-06 17:01:03', '2018-02-06 17:01:03', 195, 196, NULL, NULL, NULL, 2, NULL, NULL),
(117, 103, '13', 'nectar_frame', NULL, '2018-02-06 17:01:03', '2018-02-06 17:01:03', 197, 198, NULL, NULL, NULL, 2, NULL, NULL),
(118, 103, '14', 'pollen_frame', NULL, '2018-02-06 17:01:03', '2018-02-06 17:01:03', 199, 200, NULL, NULL, NULL, 2, NULL, NULL),
(119, 103, '15', 'brood_frame', NULL, '2018-02-06 17:01:03', '2018-02-06 17:01:03', 201, 202, NULL, NULL, NULL, 2, NULL, NULL),
(120, 103, '16', 'drone_comb', NULL, '2018-02-06 17:01:03', '2018-02-06 17:01:03', 203, 204, NULL, NULL, NULL, 2, NULL, NULL),
(122, 103, '18', 'bee_escape', NULL, '2018-02-06 17:01:03', '2018-02-06 17:01:03', 205, 206, NULL, NULL, NULL, 2, NULL, NULL),
(123, 103, '19', 'bottom_board', NULL, '2018-02-06 17:01:03', '2018-02-06 17:01:03', 207, 208, NULL, NULL, NULL, 2, NULL, NULL),
(124, 102, '0', 'colour', NULL, '2018-02-06 17:01:03', '2018-03-12 12:16:59', 210, 211, NULL, NULL, NULL, 4, NULL, NULL),
(126, 102, 'list', 'action', NULL, '2018-02-06 17:01:03', '2018-03-30 18:07:27', 212, 223, NULL, NULL, NULL, 7, NULL, NULL),
(129, 126, '0', 'added', NULL, '2018-02-06 17:01:04', '2018-03-12 12:17:02', 213, 214, NULL, NULL, NULL, 2, NULL, NULL),
(130, 126, '1', 'removed', NULL, '2018-02-06 17:01:04', '2018-03-12 12:17:02', 215, 216, NULL, NULL, NULL, 2, NULL, NULL),
(131, 126, '2', 'cleaned', NULL, '2018-02-06 17:01:04', '2018-03-12 12:17:02', 217, 218, NULL, NULL, NULL, 2, NULL, NULL),
(132, 126, '3', 'repaired', NULL, '2018-02-06 17:01:04', '2018-03-12 12:17:02', 219, 220, NULL, NULL, NULL, 2, NULL, NULL),
(133, 126, '4', 'replaced', NULL, '2018-02-06 17:01:04', '2018-03-12 12:17:02', 221, 222, NULL, NULL, NULL, 2, NULL, NULL),
(134, 960, 'checklist', 'comb_replaced', NULL, '2018-02-06 17:01:04', '2018-05-19 07:29:47', 691, 692, NULL, NULL, NULL, 9, NULL, NULL),
(136, 29, 'system', 'location', NULL, '2018-02-06 17:01:04', '2018-05-18 22:21:43', 228, 245, NULL, NULL, NULL, 32, NULL, NULL),
(137, 136, 'checklist', 'apiary', NULL, '2018-02-06 17:01:04', '2018-03-31 23:29:21', 229, 230, NULL, NULL, NULL, 39, NULL, NULL),
(139, 136, 'checklist', 'order_number', NULL, '2018-02-06 17:01:04', '2018-03-31 23:28:39', 243, 244, NULL, NULL, 'The order in which the hives are placed in the apiary. From South to North or West to East.', 2, NULL, NULL),
(140, 136, 'list', 'relocation', NULL, '2018-02-06 17:01:04', '2018-03-29 19:45:12', 231, 242, NULL, NULL, NULL, 32, NULL, NULL),
(141, 140, 'checklist', 'destiny_apiary', NULL, '2018-02-06 17:01:04', '2018-03-31 23:27:57', 232, 233, NULL, NULL, NULL, 39, NULL, NULL),
(143, 140, 'checklist', 'reason', NULL, '2018-02-06 17:01:04', '2018-03-31 23:26:54', 234, 241, NULL, NULL, NULL, 6, NULL, NULL),
(146, 143, '0', 'pollination_services', NULL, '2018-02-06 17:01:04', '2018-03-31 23:26:11', 235, 236, NULL, NULL, NULL, 2, NULL, NULL),
(147, 143, '1', 'honey_production', NULL, '2018-02-06 17:01:04', '2018-03-31 23:26:11', 237, 238, NULL, NULL, NULL, 2, NULL, NULL),
(148, 143, '2', 'general_relocation', NULL, '2018-02-06 17:01:04', '2018-03-31 23:26:11', 239, 240, NULL, NULL, NULL, 2, NULL, NULL),
(149, NULL, 'list', 'bee_colony', NULL, '2018-02-06 17:01:04', '2018-03-29 19:45:12', 277, 694, NULL, NULL, NULL, 32, NULL, '10'),
(150, 149, 'system', 'origin', NULL, '2018-02-06 17:01:04', '2018-04-12 21:41:04', 278, 293, NULL, NULL, NULL, 32, NULL, NULL),
(151, 150, 'checklist', 'type', NULL, '2018-02-06 17:01:04', '2018-03-30 08:56:42', 279, 288, NULL, NULL, NULL, 6, NULL, NULL),
(152, 151, '0', 'split', NULL, '2018-02-06 17:01:04', '2018-02-22 22:20:36', 280, 281, NULL, NULL, NULL, 2, NULL, NULL),
(153, 151, '1', 'nucleus', NULL, '2018-02-06 17:01:04', '2018-02-06 17:01:04', 282, 283, NULL, NULL, NULL, 2, NULL, NULL),
(154, 151, '2', 'package', NULL, '2018-02-06 17:01:04', '2018-02-06 17:01:04', 284, 285, NULL, NULL, NULL, 2, NULL, NULL),
(155, 151, '3', 'captured_swarm', NULL, '2018-02-06 17:01:04', '2018-02-06 17:01:04', 286, 287, NULL, NULL, NULL, 2, NULL, NULL),
(162, 150, 'list', 'bought', NULL, '2018-02-06 17:01:04', '2018-02-22 22:20:16', 289, 290, NULL, NULL, NULL, 3, NULL, NULL),
(165, 149, 'list', 'activity', NULL, '2018-02-06 17:01:04', '2018-03-29 19:45:12', 294, 315, NULL, NULL, NULL, 32, NULL, NULL),
(166, 165, 'checklist', 'pollen_inflow', NULL, '2018-02-06 17:01:04', '2018-04-11 20:35:26', 295, 296, NULL, NULL, NULL, 18, NULL, NULL),
(173, 165, 'checklist', 'play_flight', NULL, '2018-02-06 17:01:04', '2018-04-11 20:14:39', 297, 298, NULL, NULL, NULL, 18, NULL, NULL),
(180, 165, '0', 'sanitation_flight_date', NULL, '2018-02-06 17:01:04', '2018-03-07 21:19:24', 299, 300, NULL, NULL, NULL, 5, NULL, NULL),
(181, 165, 'list', 'swarming', NULL, '2018-02-06 17:01:04', '2018-03-29 19:45:12', 301, 308, NULL, NULL, NULL, 32, NULL, NULL),
(182, 183, 'checklist', 'number_of_swarms', NULL, '2018-02-06 17:01:04', '2018-04-12 21:51:08', 303, 304, NULL, NULL, NULL, 10, NULL, NULL),
(183, 181, 'checklist', 'swarmed', NULL, '2018-02-06 17:01:04', '2018-05-17 22:35:00', 302, 307, NULL, NULL, NULL, 40, NULL, NULL),
(185, 165, 'checklist', 'comb_building', NULL, '2018-02-06 17:01:04', '2018-04-18 21:36:36', 309, 310, NULL, NULL, NULL, 18, NULL, NULL),
(188, 165, 'checklist', 'foraging', NULL, '2018-02-06 17:01:04', '2018-04-11 20:37:23', 311, 314, NULL, NULL, NULL, 32, NULL, NULL),
(191, 867, 'checklist', 'main_purpose', NULL, '2018-02-06 17:01:04', '2018-04-11 20:34:34', 663, 688, NULL, NULL, NULL, 6, NULL, NULL),
(194, 191, '0', 'honey', NULL, '2018-02-06 17:01:04', '2018-03-12 11:25:49', 664, 665, NULL, NULL, NULL, 2, NULL, NULL),
(195, 191, '1', 'pollen', NULL, '2018-02-06 17:01:04', '2018-03-12 11:25:49', 666, 667, NULL, NULL, NULL, 2, NULL, NULL),
(196, 191, '2', 'bee_packages', NULL, '2018-02-06 17:01:04', '2018-03-12 11:25:49', 668, 669, NULL, NULL, NULL, 2, NULL, NULL),
(197, 191, '3', 'royal_jelly', NULL, '2018-02-06 17:01:04', '2018-03-12 11:25:49', 670, 671, NULL, NULL, NULL, 2, NULL, NULL),
(198, 191, '4', 'queens', NULL, '2018-02-06 17:01:04', '2018-03-12 11:25:49', 672, 673, NULL, NULL, NULL, 2, NULL, NULL),
(199, 191, '5', 'nucleus', NULL, '2018-02-06 17:01:04', '2018-03-12 11:25:49', 674, 675, NULL, NULL, NULL, 2, NULL, NULL),
(200, 191, '6', 'propolis', NULL, '2018-02-06 17:01:04', '2018-03-12 11:25:49', 676, 677, NULL, NULL, NULL, 2, NULL, NULL),
(201, 191, '7', 'wax', NULL, '2018-02-06 17:01:04', '2018-03-12 11:25:49', 678, 679, NULL, NULL, NULL, 2, NULL, NULL),
(202, 191, '8', 'venom', NULL, '2018-02-06 17:01:04', '2018-03-12 11:25:49', 680, 681, NULL, NULL, NULL, 2, NULL, NULL),
(203, 191, '9', 'hive_rental', NULL, '2018-02-06 17:01:04', '2018-03-12 11:25:49', 682, 683, NULL, NULL, NULL, 2, NULL, NULL),
(204, 191, '10', 'training', NULL, '2018-02-06 17:01:04', '2018-03-12 11:25:49', 684, 685, NULL, NULL, NULL, 2, NULL, NULL),
(208, 149, 'system', 'status', NULL, '2018-02-06 17:01:04', '2018-04-17 10:48:03', 316, 323, NULL, NULL, 'The general status of the colony in summary', 32, NULL, NULL),
(213, 149, 'list', 'characteristics', NULL, '2018-02-06 17:01:04', '2018-03-29 19:45:12', 324, 347, NULL, NULL, NULL, 32, NULL, NULL),
(214, 213, 'checklist', 'temper', NULL, '2018-02-06 17:01:04', '2018-04-12 13:25:07', 325, 326, NULL, NULL, NULL, 17, NULL, NULL),
(225, 213, 'checklist', 'comb_calmness', NULL, '2018-02-06 17:01:04', '2018-04-12 13:16:23', 327, 328, NULL, NULL, NULL, 18, NULL, NULL),
(232, 213, 'checklist', 'swarm_tendency', NULL, '2018-02-06 17:01:04', '2018-07-08 21:57:30', 329, 330, NULL, NULL, NULL, 37, NULL, NULL),
(239, 213, 'checklist', 'spring_buildup', NULL, '2018-02-06 17:01:04', '2018-04-12 13:17:13', 331, 332, NULL, NULL, NULL, 18, NULL, NULL),
(246, 213, 'checklist', 'over-wintering_ability', NULL, '2018-02-06 17:01:04', '2018-04-12 13:16:50', 333, 334, NULL, NULL, NULL, 18, NULL, NULL),
(253, 149, 'checklist', 'swarm_prevention', NULL, '2018-02-06 17:01:04', '2018-04-10 19:02:31', 348, 363, NULL, NULL, NULL, 32, NULL, NULL),
(254, 253, 'checklist', 'method', NULL, '2018-02-06 17:01:04', '2018-03-30 09:14:19', 349, 360, NULL, NULL, NULL, 6, NULL, NULL),
(257, 254, '0', 'cutting_out_queen_cells', NULL, '2018-02-06 17:01:04', '2018-03-12 11:24:49', 350, 351, NULL, NULL, NULL, 2, NULL, NULL),
(258, 254, '1', 'queen_wing_clipping', NULL, '2018-02-06 17:01:04', '2018-03-12 11:24:49', 352, 353, NULL, NULL, NULL, 2, NULL, NULL),
(259, 254, '2', 'artificial_swarming', NULL, '2018-02-06 17:01:04', '2018-03-12 11:24:49', 354, 355, NULL, NULL, NULL, 2, NULL, NULL),
(260, 254, '3', 'demareeing', NULL, '2018-02-06 17:01:04', '2018-03-12 11:24:49', 356, 357, NULL, NULL, NULL, 2, NULL, NULL),
(261, 254, '4', 'queen_includer', NULL, '2018-02-06 17:01:04', '2018-03-12 11:24:49', 358, 359, NULL, NULL, NULL, 2, NULL, NULL),
(262, 253, 'checklist', 'notes', NULL, '2018-02-06 17:01:04', '2018-03-30 09:13:47', 361, 362, NULL, NULL, NULL, 4, NULL, NULL),
(263, 149, 'list', 'brood', NULL, '2018-02-06 17:01:04', '2018-03-29 19:45:12', 364, 389, NULL, NULL, NULL, 32, NULL, '29'),
(264, 263, '0', 'frames_with_brood', NULL, '2018-02-06 17:01:04', '2018-02-26 21:11:50', 365, 366, NULL, NULL, NULL, 10, NULL, NULL),
(265, 263, 'checklist', 'status', NULL, '2018-02-06 17:01:04', '2018-04-12 19:29:21', 367, 384, NULL, NULL, NULL, 32, NULL, '32'),
(270, 265, 'checklist', 'eggs', NULL, '2018-02-06 17:01:04', '2018-04-12 19:26:09', 372, 375, NULL, NULL, NULL, 3, NULL, 'eggs'),
(273, 265, 'checklist', 'pupae', NULL, '2018-02-06 17:01:04', '2018-04-12 19:28:39', 380, 383, NULL, NULL, NULL, 3, NULL, 'pupae'),
(276, 265, 'checklist', 'larvae', NULL, '2018-02-06 17:01:04', '2018-04-12 19:26:42', 376, 379, NULL, NULL, NULL, 3, NULL, 'larvae'),
(279, 263, 'checklist', 'pattern_consistency', NULL, '2018-02-06 17:01:04', '2018-04-12 19:24:43', 385, 386, NULL, NULL, NULL, 18, NULL, NULL),
(286, 263, 'checklist', 'empty_cells', NULL, '2018-02-06 17:01:04', '2018-04-12 19:22:02', 387, 388, NULL, NULL, NULL, 9, NULL, NULL),
(287, 913, 'checklist', 'health', NULL, '2018-02-06 17:01:04', '2018-04-13 06:41:25', 37, 38, NULL, NULL, NULL, 32, NULL, NULL),
(289, 213, 'checklist', 'hygiene', NULL, '2018-02-06 17:01:04', '2018-04-13 06:37:44', 335, 346, NULL, NULL, NULL, 32, NULL, NULL),
(290, 289, 'checklist', 'hygienic_behaviour', NULL, '2018-02-06 17:01:04', '2018-04-12 13:18:49', 336, 337, NULL, NULL, NULL, 18, NULL, NULL),
(297, 289, 'checklist', 'propolis_use', NULL, '2018-02-06 17:01:04', '2018-04-13 06:35:11', 338, 339, NULL, NULL, NULL, 37, NULL, NULL),
(304, 289, 'checklist', 'disease_resistence', NULL, '2018-02-06 17:01:04', '2018-04-12 13:18:24', 340, 341, NULL, NULL, NULL, 18, NULL, NULL),
(318, 289, 'list', 'pin_test_score', NULL, '2018-02-06 17:01:04', '2018-03-12 13:52:59', 344, 345, NULL, NULL, NULL, 10, NULL, NULL),
(320, 830, 'checklist', 'varroa_sensitive_hygiene', NULL, '2018-02-06 17:01:04', '2018-04-13 06:45:25', 1003, 1004, NULL, NULL, NULL, 18, NULL, NULL),
(327, 289, 'checklist', 'odor', NULL, '2018-02-06 17:01:04', '2018-04-12 13:22:03', 342, 343, NULL, NULL, NULL, 17, NULL, NULL),
(333, 149, 'checklist', 'queen', NULL, '2018-02-06 17:01:04', '2018-04-12 21:43:54', 390, 545, NULL, NULL, NULL, 32, NULL, '14'),
(334, 333, 'system', 'characteristics', NULL, '2018-02-06 17:01:04', '2018-04-10 19:42:21', 391, 488, NULL, NULL, NULL, 32, NULL, NULL),
(335, 334, 'checklist', 'id', NULL, '2018-02-06 17:01:04', '2018-05-26 07:08:12', 392, 393, NULL, NULL, NULL, 4, NULL, NULL),
(336, 334, 'system', 'photo', NULL, '2018-02-06 17:01:04', '2018-04-23 11:25:11', 394, 395, NULL, NULL, NULL, 20, NULL, NULL),
(337, 334, 'system', 'subspecies', NULL, '2018-02-06 17:01:04', '2018-05-04 17:54:34', 396, 419, NULL, NULL, NULL, 6, NULL, NULL),
(343, 334, '2', 'breeding_line', NULL, '2018-02-06 17:01:04', '2018-02-26 21:46:59', 420, 421, NULL, NULL, NULL, 4, NULL, NULL),
(344, 334, 'list', 'mother', NULL, '2018-02-06 17:01:04', '2018-03-29 19:45:12', 422, 425, NULL, NULL, NULL, 32, NULL, NULL),
(345, 344, '0', 'id', NULL, '2018-02-06 17:01:04', '2018-02-26 21:49:56', 423, 424, NULL, NULL, NULL, 4, NULL, NULL),
(346, 334, 'checklist', 'generation', NULL, '2018-02-06 17:01:04', '2018-03-30 09:08:44', 426, 433, NULL, NULL, NULL, 6, NULL, NULL),
(349, 346, '0', 'p1', NULL, '2018-02-06 17:01:04', '2018-03-12 09:42:02', 427, 428, NULL, NULL, NULL, 2, NULL, NULL),
(350, 346, '1', 'f1', NULL, '2018-02-06 17:01:04', '2018-03-12 09:42:02', 429, 430, NULL, NULL, NULL, 2, NULL, NULL),
(351, 346, '2', 'f2', NULL, '2018-02-06 17:01:04', '2018-03-12 09:42:02', 431, 432, NULL, NULL, NULL, 2, NULL, NULL),
(352, 334, 'list', 'birth_date', NULL, '2018-02-06 17:01:04', '2018-03-12 11:10:40', 434, 435, NULL, NULL, NULL, 5, NULL, NULL),
(356, 334, 'list', 'origin', NULL, '2018-02-06 17:01:04', '2018-03-29 19:45:12', 436, 445, NULL, NULL, NULL, 32, NULL, NULL),
(357, 356, 'checklist', 'source', NULL, '2018-02-06 17:01:04', '2018-03-30 09:10:43', 437, 442, NULL, NULL, NULL, 6, NULL, NULL),
(358, 357, 'list', 'reared', NULL, '2018-02-06 17:01:04', '2018-02-27 22:08:56', 438, 439, NULL, NULL, NULL, 2, NULL, NULL),
(364, 356, 'list', 'location', NULL, '2018-02-06 17:01:04', '2018-03-12 09:56:14', 443, 444, NULL, NULL, NULL, 31, NULL, NULL),
(367, 334, 'checklist', 'features', NULL, '2018-02-06 17:01:04', '2018-04-29 14:50:16', 446, 471, NULL, NULL, NULL, 32, NULL, NULL),
(368, 367, 'system', 'colour', NULL, '2018-02-06 17:01:04', '2018-04-23 11:44:15', 447, 448, NULL, NULL, NULL, 34, NULL, NULL),
(369, 367, 'checklist', 'length', NULL, '2018-02-06 17:01:04', '2018-03-31 10:44:27', 449, 450, NULL, NULL, NULL, 13, 4, NULL),
(370, 854, 'checklist', 'mark_color', NULL, '2018-02-06 17:01:04', '2018-04-23 11:53:46', 454, 465, NULL, NULL, NULL, 6, NULL, NULL),
(373, 370, '0', 'white', NULL, '2018-02-06 17:01:04', '2018-03-12 11:11:36', 455, 456, NULL, NULL, NULL, 2, NULL, NULL),
(374, 370, '1', 'yellow', NULL, '2018-02-06 17:01:04', '2018-03-12 11:11:36', 457, 458, NULL, NULL, NULL, 2, NULL, NULL),
(375, 370, '2', 'red', NULL, '2018-02-06 17:01:04', '2018-03-12 11:11:36', 459, 460, NULL, NULL, NULL, 2, NULL, NULL),
(376, 370, '3', 'green', NULL, '2018-02-06 17:01:04', '2018-03-12 11:11:36', 461, 462, NULL, NULL, NULL, 2, NULL, NULL),
(377, 370, '4', 'blue', NULL, '2018-02-06 17:01:04', '2018-03-12 11:11:36', 463, 464, NULL, NULL, NULL, 2, NULL, NULL),
(379, 367, 'list', 'clipped', NULL, '2018-02-06 17:01:04', '2018-02-22 22:24:33', 451, 452, NULL, NULL, NULL, 3, NULL, NULL),
(382, 854, 'checklist', 'numbered', NULL, '2018-02-06 17:01:04', '2018-04-23 11:54:13', 466, 469, NULL, NULL, NULL, 32, NULL, NULL),
(383, 382, 'checklist', 'digit', NULL, '2018-02-06 17:01:04', '2018-04-01 08:21:22', 467, 468, NULL, NULL, NULL, 10, NULL, NULL),
(388, 334, 'list', 'fertilisation', NULL, '2018-02-06 17:01:04', '2018-03-29 19:45:12', 472, 485, NULL, NULL, NULL, 32, NULL, NULL),
(389, 388, 'checklist', 'fertilised', NULL, '2018-02-06 17:01:04', '2018-03-30 09:08:20', 473, 480, NULL, NULL, NULL, 6, NULL, NULL),
(392, 389, '0', 'no', NULL, '2018-02-06 17:01:04', '2018-03-12 11:12:23', 474, 475, NULL, NULL, NULL, 2, NULL, NULL),
(393, 389, '1', 'naturally', NULL, '2018-02-06 17:01:04', '2018-03-12 11:12:23', 476, 477, NULL, NULL, NULL, 2, NULL, NULL),
(394, 389, '2', 'artificially', NULL, '2018-02-06 17:01:04', '2018-03-12 11:12:23', 478, 479, NULL, NULL, NULL, 2, NULL, NULL),
(395, 388, '0', 'date', NULL, '2018-02-06 17:01:04', '2018-03-07 21:33:04', 481, 482, NULL, NULL, NULL, 5, NULL, NULL),
(396, 388, 'list', 'location', NULL, '2018-02-06 17:01:05', '2018-03-12 11:13:48', 483, 484, NULL, NULL, NULL, 31, NULL, NULL),
(399, 333, 'checklist', 'presence', NULL, '2018-02-06 17:01:05', '2018-04-12 21:17:36', 489, 490, NULL, NULL, NULL, 3, NULL, '33'),
(405, 334, 'checklist', 'prolificness', NULL, '2018-02-06 17:01:05', '2018-04-17 21:34:14', 486, 487, NULL, NULL, NULL, 18, NULL, NULL),
(412, 333, 'checklist', 'cells', NULL, '2018-02-06 17:01:05', '2018-05-05 00:36:43', 491, 524, NULL, NULL, NULL, 3, NULL, '35'),
(413, 412, 'checklist', 'notes', NULL, '2018-02-06 17:01:05', '2018-05-10 15:11:26', 512, 513, NULL, NULL, NULL, 4, NULL, '17'),
(416, 412, 'checklist', 'queen_cup', NULL, '2018-02-06 17:01:05', '2018-05-17 21:32:25', 494, 499, NULL, NULL, NULL, 3, NULL, NULL),
(417, 412, 'checklist', 'swarm_cell', NULL, '2018-02-06 17:01:05', '2018-05-17 21:35:01', 506, 511, NULL, NULL, NULL, 3, NULL, 'swarm'),
(418, 913, 'checklist', 'supercedure', NULL, '2018-02-06 17:01:05', '2018-04-17 21:37:31', 39, 40, NULL, NULL, NULL, 2, NULL, NULL),
(419, 412, 'checklist', 'emergency_cell', NULL, '2018-02-06 17:01:05', '2018-07-07 09:57:30', 500, 505, NULL, NULL, NULL, 3, NULL, 'emergency'),
(427, 412, 'checklist', 'amount_removed_cells', NULL, '2018-02-06 17:01:05', '2018-07-07 10:02:16', 514, 515, NULL, NULL, NULL, 10, NULL, '16'),
(428, 913, 'checklist', 'left', NULL, '2018-02-06 17:01:05', '2018-05-05 00:13:26', 41, 42, NULL, NULL, NULL, 10, NULL, NULL),
(429, 333, 'checklist', 'introduction', NULL, '2018-02-06 17:01:05', '2018-05-05 00:35:03', 525, 544, NULL, NULL, NULL, 3, NULL, '15'),
(430, 429, 'checklist', 'method', NULL, '2018-02-06 17:01:05', '2018-03-30 09:11:17', 526, 531, NULL, NULL, NULL, 6, NULL, NULL),
(433, 430, '0', 'queen_cell', NULL, '2018-02-06 17:01:05', '2018-03-12 11:18:00', 527, 528, NULL, NULL, NULL, 2, NULL, NULL),
(434, 430, '1', 'queen_cage', NULL, '2018-02-06 17:01:05', '2018-03-12 11:18:00', 529, 530, NULL, NULL, NULL, 2, NULL, NULL),
(435, 429, '0', 'number', NULL, '2018-02-06 17:01:05', '2018-03-02 16:16:32', 532, 533, NULL, NULL, NULL, 8, NULL, NULL),
(436, 429, 'checklist', 'reason', NULL, '2018-02-06 17:01:05', '2018-05-05 00:24:55', 534, 541, NULL, NULL, NULL, 6, NULL, NULL),
(439, 436, '0', 'original_queen_bee_was_intentionally_removed', NULL, '2018-02-06 17:01:05', '2018-03-12 11:18:24', 535, 536, NULL, NULL, NULL, 2, NULL, NULL),
(440, 436, '1', 'original_queen_bee_was_missing', NULL, '2018-02-06 17:01:05', '2018-03-12 11:18:24', 537, 538, NULL, NULL, NULL, 2, NULL, NULL),
(441, 436, '2', 'queen_bee_improvement', NULL, '2018-02-06 17:01:05', '2018-03-12 11:18:24', 539, 540, NULL, NULL, NULL, 2, NULL, NULL),
(442, 149, 'list', 'drones', NULL, '2018-02-06 17:01:05', '2018-03-29 19:45:12', 546, 569, NULL, NULL, NULL, 32, NULL, NULL),
(443, 442, 'checklist', 'drones_present', NULL, '2018-02-06 17:01:05', '2018-05-18 21:41:03', 547, 548, NULL, NULL, NULL, 37, NULL, NULL),
(446, 412, 'checklist', 'remaining_cells', NULL, '2018-02-06 17:01:05', '2018-07-07 10:01:26', 522, 523, NULL, NULL, NULL, 10, NULL, '17'),
(448, 149, 'checklist', 'uniting_colonies', NULL, '2018-02-06 17:01:05', '2018-05-04 23:52:34', 570, 583, NULL, NULL, NULL, 32, NULL, NULL),
(449, 885, 'checklist', 'united_hive_name', NULL, '2018-02-06 17:01:05', '2018-05-17 18:50:49', 572, 573, NULL, NULL, NULL, 24, NULL, NULL),
(450, 885, 'checklist', 'method', NULL, '2018-02-06 17:01:05', '2018-04-12 22:47:22', 574, 579, NULL, NULL, NULL, 6, NULL, NULL),
(453, 149, 'list', 'bees_added', NULL, '2018-02-06 17:01:05', '2018-03-29 19:45:12', 584, 589, NULL, NULL, NULL, 32, NULL, NULL),
(454, 453, 'list', 'weight', NULL, '2018-02-06 17:01:05', '2018-03-07 21:23:22', 585, 586, NULL, NULL, NULL, 13, 3, NULL),
(458, 453, 'checklist', 'number', NULL, '2018-02-06 17:01:05', '2018-04-01 08:19:04', 587, 588, NULL, NULL, NULL, 10, NULL, NULL),
(459, 149, 'list', 'loss', NULL, '2018-02-06 17:01:05', '2018-03-29 19:45:12', 590, 619, NULL, NULL, NULL, 32, NULL, '45'),
(463, 459, 'checklist', 'dead_bees', NULL, '2018-02-06 17:01:05', '2018-05-19 07:24:38', 591, 612, NULL, NULL, NULL, 40, NULL, NULL),
(464, 463, '0', 'count_of_dead_bees', NULL, '2018-02-06 17:01:05', '2018-02-26 21:42:25', 592, 593, NULL, NULL, NULL, 8, NULL, NULL),
(465, 463, 'checklist', 'location', NULL, '2018-02-06 17:01:05', '2018-04-12 22:09:40', 594, 601, NULL, NULL, NULL, 1, NULL, NULL),
(468, 465, '0', 'in_hive', NULL, '2018-02-06 17:01:05', '2018-03-12 11:01:27', 595, 596, NULL, NULL, NULL, 2, NULL, NULL),
(469, 465, '1', 'below_hive', NULL, '2018-02-06 17:01:05', '2018-03-12 11:01:27', 597, 598, NULL, NULL, NULL, 2, NULL, NULL),
(470, 465, '2', 'in_front_of_hive', NULL, '2018-02-06 17:01:05', '2018-03-12 11:01:27', 599, 600, NULL, NULL, NULL, 2, NULL, NULL),
(472, 149, 'list', 'removal', NULL, '2018-02-06 17:01:05', '2018-03-29 19:45:12', 620, 623, NULL, NULL, NULL, 32, NULL, NULL),
(473, 472, 'checklist', 'notes', NULL, '2018-02-06 17:01:05', '2018-04-12 22:31:33', 621, 622, NULL, NULL, NULL, 4, NULL, NULL),
(475, NULL, 'list', 'food', NULL, '2018-02-06 17:01:05', '2018-03-29 19:45:12', 695, 768, NULL, NULL, NULL, 32, NULL, '2'),
(476, 475, 'checklist', 'feeding', NULL, '2018-02-06 17:01:05', '2018-04-17 22:25:07', 696, 723, NULL, NULL, NULL, 32, NULL, NULL),
(480, 888, 'checklist', 'inverted_beet_sugar_syrup', NULL, '2018-02-06 17:01:05', '2018-04-12 22:58:44', 708, 709, NULL, NULL, NULL, 2, NULL, NULL),
(481, 888, 'checklist', 'high_fructose_corn_syrup', NULL, '2018-02-06 17:01:05', '2018-04-12 22:59:09', 710, 711, NULL, NULL, NULL, 2, NULL, NULL),
(482, 888, 'checklist', 'frames_with_honey', NULL, '2018-02-06 17:01:05', '2018-04-12 22:59:36', 712, 713, NULL, NULL, NULL, 2, NULL, NULL),
(483, 888, 'checklist', 'frames_with_nectar', NULL, '2018-02-06 17:01:05', '2018-04-12 22:57:18', 702, 703, NULL, NULL, NULL, 2, NULL, NULL),
(484, 888, 'checklist', 'pollen_substitute', NULL, '2018-02-06 17:01:05', '2018-04-12 22:57:47', 704, 705, NULL, NULL, NULL, 2, NULL, NULL),
(485, 888, 'checklist', 'honey', NULL, '2018-02-06 17:01:05', '2018-04-12 22:58:13', 706, 707, NULL, NULL, NULL, 2, NULL, NULL),
(486, 888, 'checklist', 'beet_sugar', NULL, '2018-02-06 17:01:05', '2018-04-12 22:56:45', 698, 699, NULL, NULL, NULL, 2, NULL, NULL),
(493, 475, 'checklist', 'stock', NULL, '2018-02-06 17:01:05', '2018-04-12 23:27:56', 724, 751, NULL, NULL, NULL, 32, NULL, NULL),
(494, 495, 'checklist', 'number_of_frames', NULL, '2018-02-06 17:01:05', '2018-05-05 00:41:26', 734, 735, NULL, NULL, NULL, 10, NULL, '41'),
(495, 493, 'checklist', 'honey', NULL, '2018-02-06 17:01:05', '2018-04-12 23:28:45', 733, 738, NULL, NULL, NULL, 3, NULL, '41'),
(496, 493, 'checklist', 'nectar', NULL, '2018-02-06 17:01:05', '2018-04-12 23:29:10', 739, 744, NULL, NULL, NULL, 3, NULL, NULL),
(497, 493, 'checklist', 'pollen', NULL, '2018-02-06 17:01:05', '2018-04-12 23:29:34', 745, 750, NULL, NULL, NULL, 3, NULL, '42'),
(498, 493, 'checklist', 'bee_bread', NULL, '2018-02-06 17:01:05', '2018-04-12 23:28:18', 727, 732, NULL, NULL, NULL, 3, NULL, NULL),
(500, 475, 'list', 'forage', NULL, '2018-02-06 17:01:05', '2018-03-29 19:45:12', 752, 761, NULL, NULL, NULL, 32, NULL, NULL),
(502, 500, 'checklist', 'main_source', NULL, '2018-02-06 17:01:05', '2018-04-12 23:24:05', 753, 754, NULL, NULL, NULL, 4, NULL, NULL),
(510, 891, 'checklist', 'water_availability', NULL, '2018-02-06 17:01:05', '2018-04-12 23:13:48', 763, 764, NULL, NULL, NULL, 18, NULL, NULL),
(513, NULL, 'list', 'disorder', NULL, '2018-02-06 17:01:05', '2018-03-29 19:45:12', 769, 1006, NULL, NULL, NULL, 32, NULL, '5'),
(514, 513, 'list', 'type', NULL, '2018-02-06 17:01:05', '2018-03-29 19:45:12', 770, 901, NULL, NULL, NULL, 32, NULL, NULL),
(515, 514, 'checklist', 'microbial_diseases', NULL, '2018-02-06 17:01:05', '2018-03-31 10:13:13', 771, 830, NULL, NULL, NULL, 6, NULL, NULL),
(516, 515, 'checklist', 'bacterial', NULL, '2018-02-06 17:01:05', '2018-04-02 20:08:58', 772, 777, NULL, NULL, NULL, 6, NULL, NULL),
(517, 516, '0', 'american_foulbrood', NULL, '2018-02-06 17:01:05', '2018-02-26 22:00:45', 773, 774, NULL, NULL, NULL, 2, NULL, NULL),
(518, 516, '1', 'european_foulbrood', NULL, '2018-02-06 17:01:05', '2018-02-06 17:01:05', 775, 776, NULL, NULL, NULL, 2, NULL, NULL),
(519, 515, 'list', 'viral', NULL, '2018-02-06 17:01:05', '2018-03-12 18:17:19', 778, 813, NULL, NULL, NULL, 32, NULL, NULL),
(520, 519, 'checklist', 'cripaviridae', NULL, '2018-02-06 17:01:05', '2018-04-02 20:08:58', 779, 782, NULL, NULL, NULL, 6, NULL, NULL),
(521, 520, '0', 'chronic_bee_paralysis_virus', NULL, '2018-02-06 17:01:05', '2018-02-26 22:02:20', 780, 781, NULL, NULL, NULL, 2, NULL, NULL),
(522, 519, 'checklist', 'dicistroviridae', NULL, '2018-02-06 17:01:05', '2018-04-02 20:08:58', 783, 792, NULL, NULL, NULL, 6, NULL, NULL),
(523, 522, '0', 'acute_bee_paralysis_virus', NULL, '2018-02-06 17:01:05', '2018-02-26 22:02:24', 784, 785, NULL, NULL, NULL, 2, NULL, NULL),
(524, 522, '1', 'israeli_acute_paralysis_virus', NULL, '2018-02-06 17:01:05', '2018-02-06 17:01:05', 786, 787, NULL, NULL, NULL, 2, NULL, NULL),
(525, 522, '2', 'kashmir_bee_virus', NULL, '2018-02-06 17:01:05', '2018-02-06 17:01:05', 788, 789, NULL, NULL, NULL, 2, NULL, NULL),
(526, 522, '3', 'black_queen_cell_virus', NULL, '2018-02-06 17:01:05', '2018-02-06 17:01:05', 790, 791, NULL, NULL, NULL, 2, NULL, NULL),
(527, 519, '0', 'cloudy_wing_virus', NULL, '2018-02-06 17:01:05', '2018-02-26 22:01:53', 793, 794, NULL, NULL, NULL, 2, NULL, NULL),
(528, 519, '1', 'sacbrood_virus', NULL, '2018-02-06 17:01:05', '2018-02-06 17:01:05', 795, 796, NULL, NULL, NULL, 2, NULL, NULL),
(529, 519, 'checklist', 'iflaviridae', NULL, '2018-02-06 17:01:05', '2018-04-02 20:08:58', 797, 802, NULL, NULL, NULL, 6, NULL, NULL),
(530, 529, '0', 'deformed_wing_virus', NULL, '2018-02-06 17:01:05', '2018-02-26 22:02:46', 798, 799, NULL, NULL, NULL, 2, NULL, NULL),
(531, 529, '1', 'kakugo_virus', NULL, '2018-02-06 17:01:05', '2018-02-06 17:01:05', 800, 801, NULL, NULL, NULL, 2, NULL, NULL),
(532, 519, 'checklist', 'iridoviridae', NULL, '2018-02-06 17:01:05', '2018-04-02 20:08:58', 803, 806, NULL, NULL, NULL, 6, NULL, NULL),
(533, 532, '0', 'invertebrate_iridescent_virus_type_6', NULL, '2018-02-06 17:01:05', '2018-02-26 22:03:13', 804, 805, NULL, NULL, NULL, 2, NULL, NULL),
(534, 519, 'checklist', 'secoviridae', NULL, '2018-02-06 17:01:05', '2018-04-02 20:08:58', 807, 810, NULL, NULL, NULL, 6, NULL, NULL),
(535, 534, '0', 'tobacco_ringspot_virus', NULL, '2018-02-06 17:01:05', '2018-02-26 22:02:51', 808, 809, NULL, NULL, NULL, 2, NULL, NULL),
(536, 519, '2', 'lake_sinai_virus', NULL, '2018-02-06 17:01:05', '2018-02-06 17:01:05', 811, 812, NULL, NULL, NULL, 2, NULL, NULL),
(537, 515, 'list', 'fungal', NULL, '2018-02-06 17:01:05', '2018-03-12 18:16:23', 814, 825, NULL, NULL, NULL, 32, NULL, NULL),
(538, 537, '0', 'chalkbrood', NULL, '2018-02-06 17:01:05', '2018-02-26 22:00:48', 815, 816, NULL, NULL, NULL, 2, NULL, NULL),
(539, 537, '1', 'stonebrood', NULL, '2018-02-06 17:01:05', '2018-02-06 17:01:05', 817, 818, NULL, NULL, NULL, 2, NULL, NULL),
(540, 537, 'checklist', 'nosema', NULL, '2018-02-06 17:01:05', '2018-04-02 20:08:58', 819, 824, NULL, NULL, NULL, 6, NULL, NULL),
(541, 540, '0', 'nosema_apis', NULL, '2018-02-06 17:01:05', '2018-02-26 22:01:48', 820, 821, NULL, NULL, NULL, 2, NULL, NULL),
(542, 540, '1', 'nosema_ceranae', NULL, '2018-02-06 17:01:05', '2018-02-06 17:01:05', 822, 823, NULL, NULL, NULL, 2, NULL, NULL),
(543, 515, 'checklist', 'protozoan', NULL, '2018-02-06 17:01:05', '2018-04-02 20:08:58', 826, 829, NULL, NULL, NULL, 6, NULL, NULL),
(544, 543, '0', 'amoeba_disease', NULL, '2018-02-06 17:01:05', '2018-02-26 22:01:18', 827, 828, NULL, NULL, NULL, 2, NULL, NULL),
(545, 514, 'checklist', 'parasitic_bee_mites', NULL, '2018-02-06 17:01:05', '2018-03-31 10:18:35', 831, 838, NULL, NULL, NULL, 6, NULL, NULL),
(546, 545, '0', 'tracheal_mites', NULL, '2018-02-06 17:01:05', '2018-02-26 22:04:38', 832, 833, NULL, NULL, NULL, 2, NULL, NULL),
(547, 830, 'checklist', 'count', NULL, '2018-02-06 17:01:05', '2018-04-13 00:16:10', 987, 1002, NULL, NULL, NULL, 3, NULL, NULL),
(550, 545, '1', 'tropilaelaps_mites', NULL, '2018-02-06 17:01:05', '2018-02-06 17:01:05', 834, 835, NULL, NULL, NULL, 2, NULL, NULL),
(551, 514, 'checklist', 'insects', NULL, '2018-02-06 17:01:05', '2018-03-31 10:09:34', 839, 874, NULL, NULL, NULL, 6, NULL, NULL),
(552, 551, 'checklist', 'wax_moths', NULL, '2018-02-06 17:01:05', '2018-04-02 20:08:58', 840, 845, NULL, NULL, NULL, 6, NULL, NULL),
(553, 552, '0', 'the_greater_wax_moths', NULL, '2018-02-06 17:01:05', '2018-02-26 22:00:15', 841, 842, NULL, NULL, NULL, 2, NULL, NULL),
(554, 552, '1', 'the_lesser_wax_moths', NULL, '2018-02-06 17:01:05', '2018-02-06 17:01:05', 843, 844, NULL, NULL, NULL, 2, NULL, NULL),
(555, 551, 'checklist', 'small_hive_beetles', NULL, '2018-02-06 17:01:05', '2018-03-31 10:10:19', 846, 847, NULL, NULL, NULL, 2, NULL, NULL),
(556, 551, '1', 'ants', NULL, '2018-02-06 17:01:05', '2018-02-06 17:01:05', 848, 849, NULL, NULL, NULL, 2, NULL, NULL),
(557, 551, '2', 'wasps', NULL, '2018-02-06 17:01:05', '2018-02-06 17:01:05', 850, 851, NULL, NULL, NULL, 2, NULL, NULL),
(558, 551, 'checklist', 'hornets', NULL, '2018-02-06 17:01:05', '2018-04-02 20:08:58', 852, 857, NULL, NULL, NULL, 6, NULL, NULL),
(559, 558, '0', 'asian_hornets', NULL, '2018-02-06 17:01:05', '2018-02-26 21:59:39', 853, 854, NULL, NULL, NULL, 2, NULL, NULL),
(560, 558, '1', 'european_hornets', NULL, '2018-02-06 17:01:05', '2018-02-06 17:01:05', 855, 856, NULL, NULL, NULL, 2, NULL, NULL),
(561, 551, 'list', 'vertebrates', NULL, '2018-02-06 17:01:05', '2018-03-12 18:14:32', 858, 873, NULL, NULL, NULL, 32, NULL, NULL),
(562, 561, '0', 'amphibians', NULL, '2018-02-06 17:01:05', '2018-02-26 21:58:56', 859, 860, NULL, NULL, NULL, 2, NULL, NULL),
(563, 561, '1', 'reptiles', NULL, '2018-02-06 17:01:05', '2018-02-06 17:01:05', 861, 862, NULL, NULL, NULL, 2, NULL, NULL),
(564, 561, '2', 'birds', NULL, '2018-02-06 17:01:05', '2018-02-06 17:01:05', 863, 864, NULL, NULL, NULL, 2, NULL, NULL),
(565, 561, 'checklist', 'mammals', NULL, '2018-02-06 17:01:05', '2018-04-02 20:08:58', 865, 872, NULL, NULL, NULL, 6, NULL, NULL),
(566, 565, '0', 'mice', NULL, '2018-02-06 17:01:05', '2018-02-26 22:00:11', 866, 867, NULL, NULL, NULL, 2, NULL, NULL),
(567, 565, '1', 'badgers', NULL, '2018-02-06 17:01:05', '2018-02-06 17:01:05', 868, 869, NULL, NULL, NULL, 2, NULL, NULL),
(568, 565, '2', 'bears', NULL, '2018-02-06 17:01:05', '2018-03-12 13:54:30', 870, 871, NULL, NULL, NULL, 2, NULL, NULL),
(569, 514, 'list', 'other', NULL, '2018-02-06 17:01:05', '2018-03-29 19:45:13', 875, 900, NULL, NULL, NULL, 6, NULL, NULL),
(570, 569, '0', 'chilled_brood', NULL, '2018-02-06 17:01:05', '2018-02-26 22:03:18', 876, 877, NULL, NULL, NULL, 2, NULL, NULL),
(571, 569, 'checklist', 'overheated_bees', NULL, '2018-02-06 17:01:05', '2018-04-23 17:01:57', 878, 879, NULL, NULL, NULL, 2, NULL, NULL),
(572, 569, '2', 'pesticide_losses', NULL, '2018-02-06 17:01:05', '2018-02-06 17:01:05', 880, 881, NULL, NULL, NULL, 2, NULL, NULL),
(573, 569, '3', 'queenlessness_and_laying_workers', NULL, '2018-02-06 17:01:05', '2018-02-06 17:01:05', 882, 883, NULL, NULL, NULL, 2, NULL, NULL),
(574, 569, '4', 'colony_collapse_disorder', NULL, '2018-02-06 17:01:05', '2018-02-06 17:01:05', 884, 885, NULL, NULL, NULL, 2, NULL, NULL),
(575, 569, '5', 'spotty_brood', NULL, '2018-02-06 17:01:05', '2018-02-06 17:01:05', 886, 887, NULL, NULL, NULL, 2, NULL, NULL),
(576, 569, '6', 'starvation', NULL, '2018-02-06 17:01:05', '2018-02-06 17:01:05', 888, 889, NULL, NULL, NULL, 2, NULL, NULL),
(577, 569, '7', 'mold', NULL, '2018-02-06 17:01:05', '2018-02-06 17:01:05', 890, 891, NULL, NULL, NULL, 2, NULL, NULL),
(578, 569, '8', 'robbing', NULL, '2018-02-06 17:01:05', '2018-02-06 17:01:05', 892, 893, NULL, NULL, NULL, 2, NULL, NULL),
(579, 569, '9', 'vandalism', NULL, '2018-02-06 17:01:05', '2018-02-06 17:01:05', 894, 895, NULL, NULL, NULL, 2, NULL, NULL),
(580, 569, '10', 'bee_lice', NULL, '2018-02-06 17:01:05', '2018-02-06 17:01:05', 896, 897, NULL, NULL, NULL, 2, NULL, NULL),
(581, 569, '11', 'drone-laying_queen', NULL, '2018-02-06 17:01:05', '2018-02-06 17:01:05', 898, 899, NULL, NULL, NULL, 2, NULL, NULL),
(582, 513, 'list', 'severity', NULL, '2018-02-06 17:01:05', '2018-03-30 18:07:27', 902, 903, NULL, NULL, NULL, 37, NULL, NULL),
(589, 513, 'checklist', 'laboratory_test', NULL, '2018-02-06 17:01:05', '2018-04-12 23:41:46', 904, 911, NULL, NULL, NULL, 32, NULL, NULL),
(593, 589, '0', 'test_name', NULL, '2018-02-06 17:01:05', '2018-03-12 11:47:49', 907, 908, NULL, NULL, NULL, 4, NULL, NULL),
(594, 513, 'list', 'treatment', NULL, '2018-02-06 17:01:05', '2018-03-29 19:45:12', 912, 935, NULL, NULL, NULL, 32, NULL, NULL),
(595, 830, 'checklist', 'treatment', NULL, '2018-02-06 17:01:05', '2018-05-05 00:45:16', 937, 986, NULL, NULL, NULL, 3, NULL, '6'),
(600, 594, 'checklist', 'remedy', NULL, '2018-02-06 17:01:05', '2018-04-01 07:50:33', 915, 916, NULL, NULL, NULL, 4, NULL, NULL),
(601, 594, 'checklist', 'start_date', NULL, '2018-02-06 17:01:05', '2018-04-01 07:58:23', 913, 914, NULL, NULL, NULL, 5, NULL, NULL),
(602, 902, 'checklist', 'effect', NULL, '2018-02-06 17:01:05', '2018-04-12 23:47:10', 926, 927, NULL, NULL, NULL, 18, NULL, NULL),
(608, 902, 'checklist', 'disorder_resolved', NULL, '2018-02-06 17:01:05', '2018-04-12 23:47:39', 928, 929, NULL, NULL, NULL, 3, NULL, NULL),
(612, NULL, 'checklist', 'weather', NULL, '2018-02-06 17:01:05', '2018-03-31 23:23:01', 1085, 1102, NULL, NULL, NULL, 32, NULL, NULL),
(614, 29, 'checklist', 'weight', NULL, '2018-02-06 17:01:05', '2018-05-18 22:20:53', 274, 275, NULL, NULL, NULL, 14, 3, NULL),
(615, 612, 'checklist', 'ambient_temperature', NULL, '2018-02-06 17:01:05', '2018-03-31 11:25:42', 1086, 1087, NULL, NULL, NULL, 8, 1, NULL),
(620, 612, 'checklist', 'humidity', NULL, '2018-02-06 17:01:05', '2018-04-23 11:34:37', 1088, 1089, NULL, NULL, NULL, 9, 2, NULL),
(621, 612, 'checklist', 'cloud_cover', NULL, '2018-02-06 17:01:05', '2018-03-31 09:28:46', 1094, 1101, NULL, NULL, NULL, 7, NULL, NULL),
(624, 621, '0', 'clear', NULL, '2018-02-06 17:01:05', '2018-03-12 12:39:59', 1095, 1096, NULL, NULL, NULL, 2, NULL, NULL),
(625, 621, '1', 'some_clouds', NULL, '2018-02-06 17:01:05', '2018-03-12 12:39:59', 1097, 1098, NULL, NULL, NULL, 2, NULL, NULL),
(626, 621, '2', 'heavy_clouds', NULL, '2018-02-06 17:01:05', '2018-03-12 12:39:59', 1099, 1100, NULL, NULL, NULL, 2, NULL, NULL),
(628, 612, 'checklist', 'wind', NULL, '2018-02-06 17:01:05', '2018-04-23 10:55:02', 1090, 1091, NULL, NULL, NULL, 8, 10, NULL),
(629, 612, 'checklist', 'precipitation', NULL, '2018-02-06 17:01:05', '2018-04-23 10:50:43', 1092, 1093, NULL, NULL, NULL, 10, 4, NULL),
(658, NULL, 'system', 'beekeeper', NULL, '2018-02-06 17:01:05', '2018-03-28 17:49:58', 1007, 1054, NULL, NULL, NULL, 1, NULL, NULL),
(659, 658, '0', 'name', NULL, '2018-02-06 17:01:05', '2018-03-30 18:07:27', 1008, 1009, NULL, NULL, NULL, 3, NULL, NULL),
(660, 658, 'list', 'location', NULL, '2018-02-06 17:01:05', '2018-03-12 11:39:56', 1010, 1011, NULL, NULL, NULL, 31, NULL, NULL),
(666, 658, '1', 'telephone', NULL, '2018-02-06 17:01:05', '2018-02-06 17:01:05', 1012, 1013, NULL, NULL, NULL, 2, NULL, NULL),
(667, 658, '2', 'email', NULL, '2018-02-06 17:01:06', '2018-02-06 17:01:06', 1014, 1015, NULL, NULL, NULL, 2, NULL, NULL),
(668, 658, '3', 'date_of_birth', NULL, '2018-02-06 17:01:06', '2018-03-07 21:40:35', 1016, 1017, NULL, NULL, NULL, 5, NULL, NULL),
(669, 658, '4', 'gender', NULL, '2018-02-06 17:01:06', '2018-02-06 17:01:06', 1018, 1019, NULL, NULL, NULL, 2, NULL, NULL),
(670, 658, 'list', 'beekeeper_since', NULL, '2018-02-06 17:01:06', '2018-03-29 19:45:12', 1020, 1023, NULL, NULL, NULL, 32, NULL, NULL),
(671, 670, '0', 'year', NULL, '2018-02-06 17:01:06', '2018-02-26 21:53:09', 1021, 1022, NULL, NULL, NULL, 10, NULL, NULL),
(672, 658, '5', 'beekeeper_id', NULL, '2018-02-06 17:01:06', '2018-03-07 21:39:03', 1024, 1025, NULL, NULL, NULL, 4, NULL, NULL),
(673, 658, 'list', 'company', NULL, '2018-02-06 17:01:06', '2018-03-29 19:45:12', 1026, 1029, NULL, NULL, NULL, 32, NULL, NULL),
(677, 673, '3', 'location', NULL, '2018-02-06 17:01:06', '2018-03-12 11:29:25', 1027, 1028, NULL, NULL, NULL, 31, NULL, NULL),
(680, 658, 'list', 'method', NULL, '2018-02-06 17:01:06', '2018-03-30 18:07:27', 1030, 1041, NULL, NULL, NULL, 7, NULL, NULL),
(683, 680, '0', 'organic', NULL, '2018-02-06 17:01:06', '2018-03-12 11:38:30', 1031, 1032, NULL, NULL, NULL, 2, NULL, NULL),
(684, 680, '1', 'conventional', NULL, '2018-02-06 17:01:06', '2018-03-12 11:38:30', 1033, 1034, NULL, NULL, NULL, 2, NULL, NULL),
(685, 680, '2', 'commercial', NULL, '2018-02-06 17:01:06', '2018-03-12 11:38:30', 1035, 1036, NULL, NULL, NULL, 2, NULL, NULL),
(686, 680, '3', 'biodynamic', NULL, '2018-02-06 17:01:06', '2018-03-12 11:38:30', 1037, 1038, NULL, NULL, NULL, 2, NULL, NULL),
(687, 680, '4', 'natural', NULL, '2018-02-06 17:01:06', '2018-03-12 11:38:30', 1039, 1040, NULL, NULL, NULL, 2, NULL, NULL),
(688, 658, 'list', 'role', NULL, '2018-02-06 17:01:06', '2018-03-30 18:07:27', 1042, 1047, NULL, NULL, NULL, 7, NULL, NULL),
(689, 688, '0', 'teacher', NULL, '2018-02-06 17:01:06', '2018-03-07 21:41:47', 1043, 1044, NULL, NULL, NULL, 2, NULL, NULL),
(690, 688, '1', 'student', NULL, '2018-02-06 17:01:06', '2018-02-06 17:01:06', 1045, 1046, NULL, NULL, NULL, 2, NULL, NULL),
(691, 658, 'system', 'photo', NULL, '2018-02-06 17:01:06', '2018-04-23 11:25:35', 1048, 1049, NULL, NULL, NULL, 2, NULL, NULL),
(692, 658, 'list', 'inspection_role', NULL, '2018-02-06 17:01:06', '2018-03-29 19:45:12', 1050, 1053, NULL, NULL, NULL, 32, NULL, NULL),
(694, 692, 'list', 'list', NULL, '2018-02-06 17:01:06', '2018-03-30 18:07:27', 1051, 1052, NULL, NULL, NULL, 3, NULL, NULL),
(698, NULL, 'list', 'production', NULL, '2018-02-06 17:01:06', '2018-03-29 19:45:12', 1055, 1084, NULL, NULL, NULL, 32, NULL, '18'),
(702, 851, 'checklist', 'comb_honey', NULL, '2018-02-06 17:01:06', '2018-05-18 22:34:13', 1057, 1060, NULL, NULL, NULL, 3, 3, NULL),
(703, 852, 'checklist', 'propolis', NULL, '2018-02-06 17:01:06', '2018-04-23 12:19:19', 1079, 1080, NULL, NULL, NULL, 10, 7, NULL),
(704, 852, 'checklist', 'pollen', NULL, '2018-02-06 17:01:06', '2018-04-23 12:20:16', 1077, 1078, NULL, NULL, NULL, 10, 7, NULL),
(705, 852, 'checklist', 'beeswax', NULL, '2018-02-06 17:01:06', '2018-03-31 23:20:34', 1073, 1074, NULL, NULL, NULL, 13, 3, NULL),
(706, 852, 'checklist', 'royal_jelly', NULL, '2018-02-06 17:01:06', '2018-04-23 12:19:47', 1081, 1082, NULL, NULL, NULL, 10, 7, NULL),
(707, 852, 'checklist', 'apitoxin', NULL, '2018-02-06 17:01:06', '2018-03-31 23:19:28', 1071, 1072, NULL, NULL, NULL, 13, 6, NULL),
(709, 852, 'checklist', 'nucs', NULL, '2018-02-06 17:01:06', '2018-03-31 23:20:55', 1075, 1076, NULL, NULL, NULL, 10, NULL, NULL),
(720, 450, NULL, '(news)paper method', NULL, '2018-02-26 20:06:15', '2018-03-12 17:13:56', 575, 576, NULL, NULL, NULL, 2, NULL, NULL),
(725, 547, 'checklist', 'in_drone_brood', NULL, '2018-02-26 20:27:01', '2018-07-16 14:59:11', 990, 991, NULL, NULL, NULL, 10, 12, NULL),
(727, 547, 'checklist', 'dislodged_sugar', NULL, '2018-02-26 20:28:40', '2018-04-27 15:53:31', 992, 993, NULL, NULL, NULL, 10, 13, NULL),
(728, 547, 'checklist', 'dislodged_alcohol', NULL, '2018-02-26 20:29:11', '2018-04-27 15:54:24', 994, 995, NULL, NULL, NULL, 10, 13, NULL),
(729, 547, 'checklist', 'dislodged_soapy_water', NULL, '2018-02-26 20:29:43', '2018-04-27 15:53:57', 996, 997, NULL, NULL, NULL, 10, 13, NULL),
(730, 913, 'checklist', 'number_of_frames', NULL, '2018-02-26 20:30:44', '2018-07-07 13:38:11', 47, 48, NULL, NULL, NULL, 10, NULL, NULL),
(740, 102, NULL, 'id', NULL, '2018-02-26 20:42:45', '2018-02-26 20:42:45', 224, 225, NULL, NULL, NULL, 4, NULL, NULL),
(743, 25, NULL, 'not_active', NULL, '2018-02-26 21:07:09', '2018-02-26 21:07:09', 31, 32, NULL, NULL, NULL, 2, NULL, NULL),
(744, 188, NULL, 'returning_per_minute', NULL, '2018-02-26 21:13:18', '2018-03-12 10:37:17', 312, 313, NULL, NULL, NULL, 10, NULL, NULL);
INSERT INTO `categories` (`id`, `parent_id`, `type`, `name`, `options`, `created_at`, `updated_at`, `_lft`, `_rgt`, `icon`, `source`, `description`, `category_input_id`, `physical_quantity_id`, `old_id`) VALUES
(750, 845, 'checklist', 'chemical', NULL, '2018-02-26 21:55:38', '2018-04-02 20:08:58', 941, 962, NULL, NULL, NULL, 6, NULL, NULL),
(751, 845, 'checklist', 'non_chemical', NULL, '2018-02-26 21:56:07', '2018-04-02 20:08:58', 963, 974, NULL, NULL, NULL, 6, NULL, NULL),
(752, 750, NULL, 'lactic_acid', NULL, '2018-02-26 21:57:07', '2018-03-12 22:03:23', 942, 943, NULL, NULL, NULL, 2, NULL, 'lactic_acid'),
(753, 751, NULL, 'brood_interruption', NULL, '2018-02-26 21:58:05', '2018-02-26 21:58:05', 964, 965, NULL, NULL, NULL, 2, NULL, NULL),
(755, 149, 'system', 'reminder', NULL, '2018-02-26 22:15:49', '2018-06-15 20:40:02', 638, 643, NULL, NULL, NULL, 32, NULL, NULL),
(756, 755, NULL, 'notification_date', NULL, '2018-02-26 22:16:45', '2018-03-07 21:42:16', 639, 640, NULL, NULL, NULL, 5, NULL, '9'),
(758, 208, NULL, 'needs_attention', NULL, '2018-02-27 20:53:08', '2018-02-27 20:53:46', 317, 318, NULL, NULL, NULL, 3, NULL, '26'),
(759, 208, NULL, 'overall_impression', NULL, '2018-02-27 20:55:41', '2018-03-12 17:24:39', 319, 320, NULL, NULL, NULL, 17, NULL, '25'),
(760, 208, NULL, 'notes', NULL, '2018-02-27 20:58:22', '2018-02-27 20:58:53', 321, 322, NULL, NULL, NULL, 4, NULL, '27'),
(769, 459, 'checklist', 'colony_loss', NULL, '2018-02-27 21:40:17', '2018-05-19 07:24:57', 613, 616, NULL, NULL, NULL, 40, NULL, '46'),
(770, 769, 'checklist', 'notes', NULL, '2018-02-27 21:42:07', '2018-04-12 21:29:28', 614, 615, NULL, NULL, NULL, 4, NULL, '47'),
(771, 149, 'checklist', 'size', NULL, '2018-02-27 21:45:40', '2018-03-31 17:58:42', 624, 631, NULL, NULL, NULL, 32, NULL, '48'),
(774, 771, NULL, 'frames_with_bees', NULL, '2018-02-27 21:48:53', '2018-03-12 11:23:05', 625, 626, NULL, NULL, NULL, 10, NULL, '31'),
(775, 771, NULL, 'streets_with_bees', NULL, '2018-02-27 21:50:40', '2018-03-12 11:23:05', 627, 628, NULL, NULL, NULL, 10, NULL, NULL),
(776, 149, 'checklist', 'splitting_colony', NULL, '2018-02-27 21:57:20', '2018-03-31 17:57:16', 632, 637, NULL, NULL, NULL, 32, NULL, NULL),
(777, 776, NULL, 'colony_split', NULL, '2018-02-27 21:58:03', '2018-02-27 21:58:34', 633, 636, NULL, NULL, NULL, 3, NULL, '11'),
(779, 357, NULL, 'from_queen_breeder', NULL, '2018-02-27 22:10:01', '2018-02-27 22:10:01', 440, 441, NULL, NULL, NULL, 2, NULL, NULL),
(780, 888, 'checklist', 'sucrose_solution', NULL, '2018-02-27 22:12:45', '2018-04-12 23:11:56', 714, 715, NULL, NULL, 'sucrose_solution', 2, NULL, NULL),
(783, 42, NULL, 'zander', NULL, '2018-02-27 22:56:00', '2018-02-27 22:56:00', 118, 119, NULL, NULL, NULL, 2, NULL, NULL),
(787, 42, NULL, 'golzbeute', NULL, '2018-02-27 23:12:12', '2018-02-27 23:12:12', 120, 121, NULL, NULL, NULL, 2, NULL, NULL),
(790, 150, 'checklist', 'notes', NULL, '2018-03-12 11:03:48', '2018-04-12 21:54:49', 291, 292, NULL, NULL, NULL, 4, NULL, NULL),
(792, 191, NULL, 'queen_rearing', NULL, '2018-03-12 11:30:11', '2018-03-12 11:30:11', 686, 687, NULL, NULL, NULL, 2, NULL, NULL),
(793, 589, NULL, 'test_result', NULL, '2018-03-12 11:47:09', '2018-03-12 11:47:09', 905, 906, NULL, NULL, 'Test result', 4, NULL, NULL),
(794, 493, NULL, 'status', NULL, '2018-03-12 12:06:07', '2018-03-12 12:06:51', 725, 726, NULL, NULL, NULL, 17, NULL, '40'),
(795, 29, 'system', 'photo', NULL, '2018-03-12 12:21:47', '2018-04-23 11:28:26', 246, 247, NULL, NULL, NULL, 20, NULL, NULL),
(804, 476, 'checklist', 'concentration', NULL, '2018-03-12 17:02:09', '2018-04-23 12:15:15', 719, 720, NULL, NULL, NULL, 9, 11, '3'),
(805, 429, 'checklist', 'notes', NULL, '2018-03-12 17:15:28', '2018-04-01 08:39:02', 542, 543, NULL, NULL, NULL, 4, NULL, '15'),
(806, 851, NULL, 'frame_with_honey_left', NULL, '2018-03-12 17:22:50', '2018-03-31 23:17:15', 1061, 1062, NULL, NULL, 'Frames with honey left', 10, NULL, '20'),
(807, 417, 'checklist', 'number', NULL, '2018-03-12 17:28:26', '2018-05-10 15:05:32', 507, 508, NULL, NULL, NULL, 10, NULL, NULL),
(808, 750, NULL, 'apistan', NULL, '2018-03-12 17:42:53', '2018-03-12 22:02:33', 944, 945, NULL, NULL, NULL, 2, NULL, 'apistan'),
(814, 750, NULL, 'formic_acid', NULL, '2018-03-12 18:21:43', '2018-03-12 22:02:57', 946, 947, NULL, NULL, 'Formic acid', 2, NULL, 'formic_acid'),
(815, 751, NULL, 'powdered_sugar', NULL, '2018-03-12 18:27:18', '2018-03-12 22:05:02', 966, 967, NULL, NULL, NULL, 2, NULL, 'powdered_sugar'),
(816, 845, 'checklist', 'other', NULL, '2018-03-12 18:27:41', '2018-03-31 22:51:21', 975, 976, NULL, NULL, NULL, 2, NULL, 'other'),
(817, 750, NULL, 'oxalic_acid', NULL, '2018-03-12 22:04:05', '2018-03-12 22:04:38', 948, 949, NULL, NULL, NULL, 2, NULL, 'oxalic_acid'),
(818, 29, 'system', 'app', NULL, '2018-03-14 03:15:09', '2018-05-04 15:41:29', 248, 273, NULL, NULL, 'DO NOT REMOVE: Special category to conatain the categories of the app v1', 1, NULL, NULL),
(819, 818, 'system', 'hive_layer', NULL, '2018-03-14 03:16:58', '2018-05-04 17:55:22', 249, 254, NULL, NULL, NULL, 6, NULL, '55'),
(820, 818, 'system', 'hive_frame', NULL, '2018-03-14 03:17:30', '2018-05-04 17:56:41', 255, 262, NULL, NULL, NULL, 6, NULL, '60'),
(821, 820, 'checklist', 'wax', NULL, '2018-03-14 03:18:11', '2018-05-04 15:30:26', 256, 257, NULL, NULL, NULL, 2, NULL, '61'),
(822, 820, 'checklist', 'block', NULL, '2018-03-14 03:19:10', '2018-05-04 15:30:42', 258, 259, NULL, NULL, NULL, 2, NULL, '62'),
(823, 820, 'checklist', 'other', NULL, '2018-03-14 03:19:35', '2018-05-04 15:31:08', 260, 261, NULL, NULL, NULL, 2, NULL, '63'),
(824, 819, 'checklist', 'brood', NULL, '2018-03-14 03:20:52', '2018-05-04 15:28:50', 250, 251, NULL, NULL, NULL, 2, NULL, '56'),
(825, 819, 'checklist', 'honey', NULL, '2018-03-14 03:21:18', '2018-05-04 15:30:01', 252, 253, NULL, NULL, NULL, 2, NULL, '57'),
(827, 913, 'checklist', 'hive_id_2', NULL, '2018-03-30 09:18:48', '2018-05-17 18:51:18', 45, 46, NULL, NULL, NULL, 24, NULL, NULL),
(829, 545, 'checklist', 'varroa_mites', NULL, '2018-03-31 10:19:40', '2018-03-31 10:20:16', 836, 837, NULL, NULL, NULL, 2, NULL, NULL),
(830, 513, 'checklist', 'varroa', NULL, '2018-03-31 10:21:13', '2018-03-31 22:44:31', 936, 1005, NULL, NULL, NULL, 32, NULL, NULL),
(831, 851, 'checklist', 'amount', NULL, '2018-03-31 17:53:59', '2018-05-18 22:29:26', 1063, 1064, NULL, NULL, NULL, 13, 3, '19'),
(832, 476, 'checklist', 'amount_volume', NULL, '2018-03-31 18:09:11', '2018-05-17 18:57:52', 717, 718, NULL, NULL, NULL, 13, 5, '4'),
(834, 755, 'checklist', 'reminder', NULL, '2018-03-31 18:19:37', '2018-03-31 18:22:01', 641, 642, NULL, NULL, NULL, 4, NULL, '8'),
(835, 751, 'checklist', 'essential_oil', NULL, '2018-03-31 22:19:59', '2018-03-31 22:39:06', 972, 973, NULL, NULL, NULL, 2, NULL, NULL),
(836, 750, 'checklist', 'hiveclean_bienenwohl_beevital', NULL, '2018-03-31 22:21:51', '2018-03-31 22:23:14', 950, 951, NULL, NULL, NULL, 2, NULL, NULL),
(837, 750, 'checklist', 'flumethrin_containing', NULL, '2018-03-31 22:24:18', '2018-03-31 22:26:27', 952, 953, NULL, NULL, NULL, 2, NULL, NULL),
(838, 750, 'checklist', 'amitraz_containing', NULL, '2018-03-31 22:27:19', '2018-03-31 22:27:55', 954, 955, NULL, NULL, NULL, 2, NULL, NULL),
(839, 750, 'checklist', 'tau_fluvalinate_containing', NULL, '2018-03-31 22:28:37', '2018-03-31 22:29:20', 956, 957, NULL, NULL, NULL, 2, NULL, NULL),
(840, 750, 'checklist', 'coumaphos_containing', NULL, '2018-03-31 22:30:03', '2018-03-31 22:30:38', 958, 959, NULL, NULL, NULL, 2, NULL, NULL),
(841, 750, 'checklist', 'thymol_containing', NULL, '2018-03-31 22:31:25', '2018-03-31 22:32:16', 960, 961, NULL, NULL, NULL, 2, NULL, NULL),
(842, 751, 'checklist', 'drone_brood_removal', NULL, '2018-03-31 22:35:20', '2018-03-31 22:36:42', 968, 969, NULL, NULL, NULL, 2, NULL, NULL),
(843, 751, 'checklist', 'heat_treatment', NULL, '2018-03-31 22:37:37', '2018-03-31 22:38:12', 970, 971, NULL, NULL, NULL, 2, NULL, NULL),
(844, 595, 'checklist', 'amount_volume', NULL, '2018-03-31 22:41:15', '2018-05-17 18:55:16', 938, 939, NULL, NULL, NULL, 10, 6, NULL),
(845, 595, 'checklist', 'remedy', NULL, '2018-03-31 22:46:01', '2018-03-31 22:50:16', 940, 977, NULL, NULL, NULL, 6, NULL, '6'),
(847, 595, 'checklist', 'concentration', NULL, '2018-03-31 22:56:10', '2018-04-23 12:13:52', 978, 979, NULL, NULL, NULL, 9, 11, NULL),
(848, 595, 'checklist', 'amount_weight', NULL, '2018-03-31 23:01:48', '2018-05-17 18:55:54', 980, 981, NULL, NULL, NULL, 10, 8, NULL),
(851, 698, 'checklist', 'honey', NULL, '2018-03-31 23:15:05', '2018-03-31 23:15:47', 1056, 1069, NULL, NULL, NULL, 32, NULL, NULL),
(852, 698, 'checklist', 'other', NULL, '2018-03-31 23:19:06', '2018-03-31 23:19:52', 1070, 1083, NULL, NULL, NULL, 32, NULL, NULL),
(854, 367, 'checklist', 'marked', NULL, '2018-03-31 23:38:20', '2018-04-23 11:45:36', 453, 470, NULL, NULL, NULL, 3, NULL, NULL),
(855, 888, 'checklist', 'fondant', NULL, '2018-03-31 23:50:20', '2018-04-12 22:56:23', 700, 701, NULL, NULL, NULL, 2, NULL, NULL),
(856, 954, 'checklist', 'miniplus', NULL, '2018-04-01 00:03:18', '2018-05-18 22:04:49', 134, 135, NULL, NULL, NULL, 2, NULL, NULL),
(857, 42, 'checklist', 'nucleus_box', NULL, '2018-04-01 00:07:22', '2018-04-01 00:08:18', 122, 123, NULL, NULL, NULL, 2, NULL, NULL),
(858, 42, 'checklist', 'three_frames', NULL, '2018-04-01 00:09:56', '2018-04-01 00:10:45', 124, 125, NULL, NULL, NULL, 2, NULL, NULL),
(860, 594, 'checklist', 'amount_volume', NULL, '2018-04-01 07:54:11', '2018-05-17 18:56:24', 917, 918, NULL, NULL, NULL, 10, 6, NULL),
(861, 594, 'checklist', 'amount_weight', NULL, '2018-04-01 07:55:29', '2018-05-17 18:57:08', 919, 920, NULL, NULL, NULL, 10, 8, NULL),
(862, 594, 'checklist', 'concentration', NULL, '2018-04-01 07:57:02', '2018-04-23 12:12:47', 921, 922, NULL, NULL, NULL, 9, 11, NULL),
(864, 594, 'checklist', 'notes', NULL, '2018-04-01 08:00:15', '2018-05-18 22:41:03', 923, 924, NULL, NULL, NULL, 4, NULL, NULL),
(865, 771, 'checklist', 'surface_covered', NULL, '2018-04-01 08:04:22', '2018-04-01 08:08:18', 629, 630, NULL, NULL, NULL, 10, 9, NULL),
(866, 73, 'checklist', 'status', NULL, '2018-04-10 19:09:57', '2018-04-10 19:27:40', 651, 660, NULL, NULL, NULL, 6, NULL, NULL),
(867, 149, 'system', 'purpose', NULL, '2018-04-11 20:33:56', '2018-04-12 21:41:56', 662, 689, NULL, NULL, NULL, 32, NULL, NULL),
(868, 265, 'checklist', 'all_stages', NULL, '2018-04-12 19:03:22', '2018-04-12 19:25:42', 368, 371, NULL, NULL, NULL, 3, NULL, NULL),
(869, 868, 'checklist', 'amount', NULL, '2018-04-12 19:11:48', '2018-04-12 19:12:20', 369, 370, NULL, NULL, NULL, 10, 9, NULL),
(870, 270, 'checklist', 'amount', NULL, '2018-04-12 19:31:51', '2018-04-12 19:32:32', 373, 374, NULL, NULL, NULL, 10, 9, NULL),
(871, 276, 'checklist', 'amount', NULL, '2018-04-12 19:33:02', '2018-04-12 19:33:40', 377, 378, NULL, NULL, NULL, 10, 9, NULL),
(872, 273, 'checklist', 'amount', NULL, '2018-04-12 19:34:16', '2018-04-12 19:34:43', 381, 382, NULL, NULL, NULL, 10, 9, NULL),
(873, 950, 'checklist', 'amount', NULL, '2018-04-12 21:20:38', '2018-05-18 21:42:18', 550, 551, NULL, NULL, NULL, 10, 9, NULL),
(875, 183, 'checklist', 'notes', NULL, '2018-04-12 21:51:38', '2018-04-12 21:52:05', 305, 306, NULL, NULL, NULL, 4, NULL, NULL),
(876, 463, NULL, 'type', NULL, '2018-04-12 22:03:04', '2018-04-12 22:03:04', 602, 609, NULL, NULL, NULL, 1, NULL, NULL),
(877, 876, 'checklist', 'drones', NULL, '2018-04-12 22:04:16', '2018-04-12 22:06:34', 603, 604, NULL, NULL, NULL, 2, NULL, NULL),
(878, 876, 'checklist', 'worker_bees', NULL, '2018-04-12 22:05:39', '2018-04-12 22:06:12', 605, 606, NULL, NULL, NULL, 2, NULL, NULL),
(879, 876, 'checklist', 'queen', NULL, '2018-04-12 22:07:08', '2018-04-12 22:07:41', 607, 608, NULL, NULL, NULL, 2, NULL, NULL),
(880, 463, 'checklist', 'notes', NULL, '2018-04-12 22:10:21', '2018-04-12 22:10:53', 610, 611, NULL, NULL, NULL, 4, NULL, NULL),
(881, 777, 'checklist', 'notes', NULL, '2018-04-12 22:20:13', '2018-04-12 22:20:25', 634, 635, NULL, NULL, NULL, 4, NULL, NULL),
(882, 459, 'system', 'photo', NULL, '2018-04-12 22:29:07', '2018-04-23 11:24:20', 617, 618, NULL, NULL, NULL, 20, NULL, NULL),
(883, 412, 'system', 'photo', NULL, '2018-04-12 22:33:27', '2018-04-23 11:24:45', 492, 493, NULL, NULL, NULL, 20, NULL, NULL),
(884, 913, 'checklist', 'removed', NULL, '2018-04-12 22:34:54', '2018-04-17 21:55:36', 43, 44, NULL, NULL, NULL, 3, NULL, NULL),
(885, 448, 'checklist', 'colony_united', NULL, '2018-04-12 22:45:58', '2018-05-04 23:52:53', 571, 582, NULL, NULL, NULL, 3, NULL, '12'),
(886, 885, 'checklist', 'notes', NULL, '2018-04-12 22:48:13', '2018-04-12 22:48:26', 580, 581, NULL, NULL, NULL, 4, NULL, NULL),
(887, 891, 'checklist', 'water_quality', NULL, '2018-04-12 22:52:05', '2018-04-12 23:14:08', 765, 766, NULL, NULL, NULL, 17, NULL, NULL),
(888, 476, 'checklist', 'type', NULL, '2018-04-12 22:54:59', '2018-04-12 22:55:53', 697, 716, NULL, NULL, NULL, 6, NULL, NULL),
(890, 476, 'checklist', 'amount_weight', NULL, '2018-04-12 23:09:05', '2018-05-17 18:58:24', 721, 722, NULL, NULL, NULL, 10, 7, NULL),
(891, 475, NULL, 'water', NULL, '2018-04-12 23:13:16', '2018-04-12 23:13:16', 762, 767, NULL, NULL, NULL, 32, NULL, NULL),
(892, 500, NULL, 'Status', NULL, '2018-04-12 23:15:27', '2018-04-12 23:15:27', 755, 756, NULL, NULL, NULL, 18, NULL, NULL),
(893, 500, NULL, 'notes', NULL, '2018-04-12 23:23:06', '2018-04-12 23:23:06', 757, 758, NULL, NULL, NULL, 4, NULL, NULL),
(894, 500, 'system', 'photo', NULL, '2018-04-12 23:23:37', '2018-04-23 11:28:06', 759, 760, NULL, NULL, NULL, 20, NULL, NULL),
(895, 498, NULL, 'number_of_frames', NULL, '2018-04-12 23:25:43', '2018-04-12 23:25:43', 728, 729, NULL, NULL, NULL, 10, NULL, NULL),
(896, 498, NULL, 'amount', NULL, '2018-04-12 23:26:17', '2018-04-12 23:26:17', 730, 731, NULL, NULL, NULL, 10, 9, NULL),
(897, 495, NULL, 'amount', NULL, '2018-04-12 23:30:43', '2018-04-12 23:30:43', 736, 737, NULL, NULL, NULL, 10, 9, NULL),
(898, 496, NULL, 'number_of_frames', NULL, '2018-04-12 23:31:22', '2018-04-12 23:31:22', 740, 741, NULL, NULL, NULL, 10, NULL, NULL),
(899, 496, NULL, 'amount', NULL, '2018-04-12 23:31:59', '2018-04-12 23:31:59', 742, 743, NULL, NULL, NULL, 10, 9, NULL),
(900, 497, 'checklist', 'number_of_frames', NULL, '2018-04-12 23:32:35', '2018-05-05 00:42:12', 746, 747, NULL, NULL, NULL, 10, NULL, '42'),
(901, 497, NULL, 'amount', NULL, '2018-04-12 23:33:11', '2018-04-12 23:33:11', 748, 749, NULL, NULL, NULL, 10, 9, NULL),
(902, 594, NULL, 'result', NULL, '2018-04-12 23:46:42', '2018-04-12 23:46:42', 925, 930, NULL, NULL, NULL, 32, NULL, NULL),
(903, 594, NULL, 'end_date', NULL, '2018-04-12 23:48:43', '2018-04-12 23:48:43', 931, 932, NULL, NULL, NULL, 5, NULL, NULL),
(904, 595, NULL, 'notes', NULL, '2018-04-12 23:50:29', '2018-04-12 23:50:29', 982, 983, NULL, NULL, NULL, 4, NULL, NULL),
(905, 594, 'system', 'photo', NULL, '2018-04-12 23:51:15', '2018-04-23 11:26:44', 933, 934, NULL, NULL, NULL, 20, NULL, NULL),
(906, 595, 'system', 'photo', NULL, '2018-04-12 23:51:46', '2018-04-23 11:27:40', 984, 985, NULL, NULL, NULL, 20, NULL, NULL),
(907, 589, 'system', 'photo', NULL, '2018-04-12 23:52:28', '2018-04-23 11:26:07', 909, 910, NULL, NULL, NULL, 20, NULL, NULL),
(911, 547, 'checklist', 'natural_fall', NULL, '2018-04-13 00:12:46', '2018-05-18 22:37:04', 998, 999, NULL, NULL, NULL, 10, 14, NULL),
(912, 547, 'system', 'photo', NULL, '2018-04-13 00:16:37', '2018-04-23 11:27:16', 988, 989, NULL, NULL, NULL, 20, NULL, NULL),
(913, 1, NULL, 'can_be_removed', NULL, '2018-04-13 06:40:33', '2018-04-13 06:40:33', 36, 49, NULL, NULL, NULL, 1, NULL, NULL),
(914, 416, 'checklist', 'number', NULL, '2018-04-17 21:47:32', '2018-05-10 15:03:31', 495, 496, NULL, NULL, NULL, 10, NULL, NULL),
(915, 416, 'checklist', 'removed_all', NULL, '2018-04-17 21:48:09', '2018-04-17 21:48:49', 497, 498, NULL, NULL, NULL, 3, NULL, NULL),
(916, 419, NULL, 'number', NULL, '2018-04-17 21:49:44', '2018-04-17 21:49:44', 501, 502, NULL, NULL, NULL, 10, NULL, NULL),
(917, 419, NULL, 'removed_all', NULL, '2018-04-17 21:50:15', '2018-04-17 21:50:15', 503, 504, NULL, NULL, NULL, 3, NULL, NULL),
(918, 417, NULL, 'removed_all', NULL, '2018-04-17 21:51:01', '2018-04-17 21:51:01', 509, 510, NULL, NULL, NULL, 3, NULL, NULL),
(920, 337, 'checklist', 'african', NULL, '2018-04-23 15:09:43', '2018-04-23 15:12:16', 397, 398, NULL, 'https://en.wikipedia.org/wiki/African_bee', 'African', 2, NULL, '1'),
(921, 337, 'checklist', 'africanized', NULL, '2018-04-23 15:12:50', '2018-04-23 15:14:38', 399, 400, NULL, 'https://en.wikipedia.org/wiki/Africanized_bee', 'Africanised', 2, NULL, '9'),
(922, 337, 'checklist', 'asiatic', NULL, '2018-04-23 15:15:17', '2018-04-23 15:16:40', 401, 402, NULL, 'https://en.wikipedia.org/wiki/Apis_cerana', NULL, 2, NULL, '3'),
(923, 337, 'checklist', 'buckfast', NULL, '2018-04-23 15:17:22', '2018-04-23 15:18:27', 403, 404, NULL, 'https://en.wikipedia.org/wiki/Buckfast_bee', NULL, 2, NULL, '4'),
(924, 337, 'checklist', 'carnica', NULL, '2018-04-23 15:19:07', '2018-04-23 15:21:18', 405, 406, NULL, 'https://en.wikipedia.org/wiki/Carniolan_honeybee', NULL, 2, NULL, '2'),
(925, 337, 'checklist', 'caucasica', NULL, '2018-04-23 15:22:14', '2018-04-23 15:24:21', 407, 408, NULL, 'https://en.wikipedia.org/wiki/Caucasian_honey_bee', NULL, 2, NULL, '7'),
(926, 337, 'checklist', 'european_dark', NULL, '2018-04-23 15:24:56', '2018-04-23 15:26:23', 409, 410, NULL, 'https://en.wikipedia.org/wiki/European_dark_bee', NULL, 2, NULL, '5'),
(927, 337, 'checklist', 'hybrid', NULL, '2018-04-23 15:27:09', '2018-04-23 15:29:21', 411, 412, NULL, NULL, NULL, 2, NULL, '10'),
(928, 337, 'checklist', 'italian', NULL, '2018-04-23 15:29:59', '2018-04-23 15:31:16', 413, 414, NULL, 'https://en.wikipedia.org/wiki/Italian_bee', NULL, 2, NULL, '6'),
(929, 337, 'checklist', 'koschevnikovi', NULL, '2018-04-23 15:31:59', '2018-04-23 15:32:47', 415, 416, NULL, 'https://en.wikipedia.org/wiki/Apis_koschevnikovi', NULL, 2, NULL, '8'),
(930, 337, 'system', 'other', NULL, '2018-04-26 15:25:42', '2018-04-26 15:26:33', 417, 418, NULL, NULL, 'Other', 2, NULL, '11'),
(931, 954, 'checklist', 'apidea', NULL, '2018-04-27 17:35:36', '2018-05-18 22:03:33', 132, 133, NULL, NULL, NULL, 2, NULL, NULL),
(932, 1, 'checklist', 'type', NULL, '2018-05-04 15:16:56', '2018-05-04 15:32:47', 50, 61, NULL, NULL, NULL, 6, NULL, '64'),
(933, 932, 'checklist', 'fixed', NULL, '2018-05-04 15:17:50', '2018-05-04 15:25:29', 51, 52, NULL, NULL, NULL, 2, NULL, '65'),
(934, 932, 'checklist', 'moveable', NULL, '2018-05-04 15:18:43', '2018-05-04 15:24:03', 53, 54, NULL, NULL, NULL, 2, NULL, '66'),
(935, 932, 'checklist', 'temporary', NULL, '2018-05-04 15:19:12', '2018-05-04 15:26:04', 55, 56, NULL, NULL, NULL, 2, NULL, '67'),
(936, 932, 'checklist', 'client', NULL, '2018-05-04 15:19:49', '2018-05-04 15:24:48', 57, 58, NULL, NULL, NULL, 2, NULL, NULL),
(937, 932, 'checklist', 'other', NULL, '2018-05-04 15:20:15', '2018-05-04 15:26:31', 59, 60, NULL, NULL, NULL, 2, NULL, '68'),
(938, 818, 'system', 'not_assigned_in_migration', NULL, '2018-05-04 15:41:11', '2018-05-04 15:41:55', 263, 264, NULL, NULL, NULL, 32, NULL, NULL),
(939, 818, 'system', 'sensor', NULL, '2018-05-04 16:39:48', '2018-05-04 17:57:04', 265, 272, NULL, NULL, NULL, 6, NULL, NULL),
(940, 939, 'checklist', 'beep', NULL, '2018-05-04 16:40:52', '2018-05-04 16:46:11', 266, 267, NULL, NULL, NULL, 2, NULL, '79'),
(941, 939, 'checklist', 'hiveeyes', NULL, '2018-05-04 16:43:35', '2018-05-04 16:47:42', 268, 269, NULL, NULL, NULL, 2, NULL, '80'),
(942, 939, 'checklist', 'other', NULL, '2018-05-04 16:44:10', '2018-05-04 16:46:32', 270, 271, NULL, NULL, NULL, 2, NULL, '83'),
(943, 412, 'checklist', 'supercedure_cell', NULL, '2018-05-17 21:36:05', '2018-05-17 21:37:06', 516, 521, NULL, NULL, NULL, 3, NULL, 'supercedure'),
(944, 943, 'checklist', 'number', NULL, '2018-05-17 21:37:32', '2018-05-17 21:43:22', 517, 518, NULL, NULL, NULL, 10, NULL, NULL),
(945, 943, 'checklist', 'removed_all', NULL, '2018-05-17 21:39:57', '2018-05-17 21:42:03', 519, 520, NULL, NULL, NULL, 3, NULL, NULL),
(946, 442, 'checklist', 'foundationless_frame', NULL, '2018-05-18 21:34:44', '2018-05-19 07:11:58', 553, 568, NULL, NULL, NULL, 3, NULL, NULL),
(947, 946, 'checklist', 'status', NULL, '2018-05-18 21:36:46', '2018-05-18 21:51:44', 554, 563, NULL, NULL, NULL, 1, NULL, NULL),
(948, 947, 'checklist', 'comb_only', NULL, '2018-05-18 21:37:31', '2018-05-19 07:15:43', 555, 556, NULL, NULL, NULL, 2, NULL, NULL),
(949, 947, NULL, 'eggs', NULL, '2018-05-18 21:38:29', '2018-05-18 21:38:29', 557, 558, NULL, NULL, NULL, 2, NULL, NULL),
(950, 442, 'checklist', 'drone_brood_present', NULL, '2018-05-18 21:41:47', '2018-05-18 21:54:14', 549, 552, NULL, NULL, NULL, 3, NULL, NULL),
(951, 947, 'checklist', 'no_comb', NULL, '2018-05-18 21:50:05', '2018-05-19 07:17:57', 559, 560, NULL, NULL, NULL, 2, NULL, NULL),
(952, 947, 'checklist', 'larvae', NULL, '2018-05-18 21:50:44', '2018-05-18 21:50:56', 561, 562, NULL, NULL, NULL, 2, NULL, NULL),
(953, 946, 'checklist', 'brood_removed', NULL, '2018-05-18 21:52:18', '2018-05-18 21:53:09', 564, 565, NULL, NULL, NULL, 3, NULL, NULL),
(954, 34, 'checklist', 'mating_hive', NULL, '2018-05-18 22:02:43', '2018-05-18 22:06:09', 131, 136, NULL, NULL, NULL, 6, NULL, NULL),
(955, 851, 'checklist', 'honey_frames', NULL, '2018-05-18 22:30:19', '2018-05-18 22:30:50', 1065, 1066, NULL, NULL, NULL, 10, NULL, NULL),
(956, 851, NULL, 'brood_frames', NULL, '2018-05-18 22:31:32', '2018-05-18 22:31:32', 1067, 1068, NULL, NULL, NULL, 10, NULL, NULL),
(957, 702, NULL, 'amount', NULL, '2018-05-18 22:32:54', '2018-05-18 22:32:54', 1058, 1059, NULL, NULL, NULL, 10, NULL, NULL),
(958, 547, 'checklist', 'notes', NULL, '2018-05-18 22:38:00', '2018-05-18 22:39:49', 1000, 1001, NULL, NULL, NULL, 4, NULL, '37'),
(959, 946, 'checklist', 'number_of_frames', NULL, '2018-05-19 07:12:34', '2018-05-19 07:13:05', 566, 567, NULL, NULL, NULL, 12, NULL, NULL),
(960, 149, NULL, 'comb_replacement', NULL, '2018-05-19 07:28:52', '2018-05-19 07:28:52', 690, 693, NULL, NULL, NULL, 32, NULL, NULL),
(961, 42, 'checklist', 'deutsch_normalmass', NULL, '2018-05-26 07:00:34', '2018-05-26 07:01:15', 128, 129, NULL, NULL, NULL, 2, NULL, NULL);

-- --------------------------------------------------------

--
-- Table structure for table `category_inputs`
--

DROP TABLE IF EXISTS `category_inputs`;
CREATE TABLE IF NOT EXISTS `category_inputs` (
  `id` int(10) UNSIGNED NOT NULL AUTO_INCREMENT,
  `name` varchar(255) COLLATE utf8_unicode_ci NOT NULL,
  `type` varchar(255) COLLATE utf8_unicode_ci NOT NULL,
  `min` varchar(255) COLLATE utf8_unicode_ci DEFAULT NULL,
  `max` varchar(255) COLLATE utf8_unicode_ci DEFAULT NULL,
  `decimals` int(11) DEFAULT NULL,
  `icon` varchar(255) COLLATE utf8_unicode_ci DEFAULT NULL,
  PRIMARY KEY (`id`),
  KEY `category_inputs_id_index` (`id`),
  KEY `category_inputs_name_index` (`name`)
) ENGINE=InnoDB AUTO_INCREMENT=41 DEFAULT CHARSET=utf8 COLLATE=utf8_unicode_ci;

--
-- Truncate table before insert `category_inputs`
--

TRUNCATE TABLE `category_inputs`;
--
-- Dumping data for table `category_inputs`
--

INSERT INTO `category_inputs` (`id`, `name`, `type`, `min`, `max`, `decimals`, `icon`) VALUES
(1, 'List', 'list', NULL, NULL, NULL, NULL),
(2, 'List item', 'list_item', NULL, NULL, NULL, NULL),
(3, 'Boolean (yes = green)', 'boolean', NULL, NULL, NULL, NULL),
(4, 'Text', 'text', NULL, NULL, NULL, NULL),
(5, 'Date', 'date', NULL, NULL, NULL, NULL),
(6, 'Dropdown list', 'select', NULL, NULL, NULL, NULL),
(7, 'Options', 'options', NULL, NULL, NULL, NULL),
(8, 'Number', 'number', NULL, NULL, NULL, NULL),
(9, 'Number percentage', 'number_percentage', '0', '100', NULL, NULL),
(10, 'Number positive', 'number_positive', '0', NULL, NULL, NULL),
(11, 'Number negative', 'number_negative', NULL, '0', NULL, NULL),
(12, 'Number 0 decimals (whole)', 'number_0_decimals', NULL, NULL, 0, NULL),
(13, 'Number 1 decimal', 'number_1_decimals', NULL, NULL, 1, NULL),
(14, 'Number 2 decimal', 'number_2_decimals', NULL, NULL, 2, NULL),
(15, 'Number 3 decimal', 'number_3_decimals', NULL, NULL, 3, NULL),
(16, 'Numeric slider (0-100)', 'slider', '0', '100', NULL, NULL),
(17, 'Smileys (3)', 'smileys_3', '1', '3', 0, NULL),
(18, 'Score (0-5)', 'score', '1', '5', 0, NULL),
(19, 'Grade (1-10)', 'grade', '1', '10', 0, NULL),
(20, 'Image', 'image', NULL, NULL, NULL, NULL),
(21, 'File', 'file', NULL, NULL, NULL, NULL),
(22, 'Bar code', 'barcode', NULL, NULL, NULL, NULL),
(23, 'Number degrees', 'number_degrees', '-180', '180', 0, NULL),
(24, 'Select hive popup', 'select_hive', NULL, NULL, NULL, NULL),
(25, 'Select apiary popup', 'select_apiary', NULL, NULL, NULL, NULL),
(26, 'Select hive layer popup', 'select_hive_layer', NULL, NULL, NULL, NULL),
(27, 'Select hive layer frame popup', 'select_hive_layer_frame', NULL, NULL, NULL, NULL),
(28, 'Select country', 'select_country', NULL, NULL, NULL, NULL),
(29, 'Select continent', 'select_continent', NULL, NULL, NULL, NULL),
(31, 'Select location popup', 'select_location', NULL, NULL, NULL, NULL),
(32, 'Label', 'label', NULL, NULL, NULL, NULL),
(33, 'Bee subspecies', 'bee_subspecies', NULL, NULL, NULL, NULL),
(34, 'Color picker', 'color_picker', NULL, NULL, NULL, NULL),
(36, 'Hive name', 'select', NULL, NULL, NULL, NULL),
(37, 'Score severity (low-extreme)', 'score_amount', '1', '4', 0, NULL),
(38, 'Score quality (poor-excellent)', 'score_quality', '1', '4', 0, NULL),
(39, 'Apiary name', 'select', NULL, NULL, NULL, NULL),
(40, 'Boolean (yes = red)', 'boolean_yes_red', NULL, NULL, NULL, NULL);

-- --------------------------------------------------------

--
-- Table structure for table `checklists`
--

DROP TABLE IF EXISTS `checklists`;
CREATE TABLE IF NOT EXISTS `checklists` (
  `id` int(10) UNSIGNED NOT NULL AUTO_INCREMENT,
  `type` varchar(255) COLLATE utf8_unicode_ci DEFAULT NULL,
  `name` varchar(255) COLLATE utf8_unicode_ci DEFAULT NULL,
  `description` varchar(255) COLLATE utf8_unicode_ci DEFAULT NULL,
  `created_at` timestamp NULL DEFAULT NULL,
  `updated_at` timestamp NULL DEFAULT NULL,
  `deleted_at` timestamp NULL DEFAULT NULL,
  PRIMARY KEY (`id`),
  KEY `checklists_id_index` (`id`)
) ENGINE=InnoDB AUTO_INCREMENT=2634 DEFAULT CHARSET=utf8 COLLATE=utf8_unicode_ci;

--
-- Truncate table before insert `checklists`
--

TRUNCATE TABLE `checklists`;
--
-- Dumping data for table `checklists`
--

INSERT INTO `checklists` (`id`, `type`, `name`, `description`, `created_at`, `updated_at`, `deleted_at`) VALUES
(1, 'beep_v1', 'Checklist v1', 'Beep v1 kastkaart / hive checklist', '2018-03-14 03:35:05', '2018-05-05 01:30:07', '0000-00-00 00:00:00'),
(2, NULL, 'Checklist v1', 'Beep v1 kastkaart / hive checklist', '2018-03-14 03:35:06', '2018-05-03 17:23:45', '0000-00-00 00:00:00'),
(6, NULL, 'marten2', NULL, '2018-03-14 19:51:15', '2018-07-16 13:32:53', '2018-07-16 13:32:53'),
(7, NULL, 'kastkaart v1', NULL, '2018-03-31 10:41:51', '2018-07-16 13:33:04', '2018-07-16 13:33:04'),
(8, NULL, 'Beep versie 1', 'Kastkaart die in de huidige app zit met paar uitgebreidere items', '2018-04-12 02:06:49', '2018-06-15 22:34:49', NULL),
(10, NULL, NULL, NULL, '2018-04-16 21:53:22', '2018-07-16 13:33:21', '2018-07-16 13:33:21'),
(11, NULL, 'kastkaart marten 2', NULL, '2018-04-18 21:49:14', '2018-07-16 13:33:08', '2018-07-16 13:33:08'),
(12, NULL, 'test 23apr', NULL, '2018-04-23 15:41:02', '2018-07-16 13:32:59', '2018-07-16 13:32:59'),
(793, 'beep_v2', 'Beep v2', 'Beep v1 kastkaart+ / hive checklist+', '2018-05-23 15:28:11', '2018-07-16 15:55:34', NULL),
(797, NULL, 'Beep v2 default for Beep app v2', NULL, '2018-06-21 17:50:06', '2018-07-16 13:33:16', '2018-07-16 13:33:16');

-- --------------------------------------------------------

--
-- Table structure for table `checklist_category`
--

DROP TABLE IF EXISTS `checklist_category`;
CREATE TABLE IF NOT EXISTS `checklist_category` (
  `category_id` int(10) UNSIGNED NOT NULL,
  `checklist_id` int(10) UNSIGNED NOT NULL,
  `order` int(11) DEFAULT NULL,
  PRIMARY KEY (`category_id`,`checklist_id`),
  KEY `checklist_category_checklist_id_foreign` (`checklist_id`)
) ENGINE=InnoDB DEFAULT CHARSET=utf8 COLLATE=utf8_unicode_ci;

--
-- Truncate table before insert `checklist_category`
--

TRUNCATE TABLE `checklist_category`;
--
-- Dumping data for table `checklist_category`
--

INSERT INTO `checklist_category` (`category_id`, `checklist_id`, `order`) VALUES
(149, 8, 0),
(149, 793, 0),
(263, 8, 1),
(263, 793, 1),
(265, 8, 2),
(265, 793, 2),
(270, 8, 3),
(270, 793, 3),
(273, 8, 4),
(273, 793, 5),
(276, 8, 5),
(276, 793, 4),
(333, 8, 6),
(333, 793, 9),
(399, 8, 7),
(399, 793, 10),
(412, 8, 8),
(412, 793, 11),
(413, 8, 9),
(413, 793, 26),
(416, 8, 10),
(416, 793, 12),
(417, 8, 11),
(417, 793, 15),
(419, 8, 13),
(419, 793, 21),
(427, 793, 24),
(429, 8, 14),
(429, 793, 27),
(430, 793, 33),
(433, 793, 35),
(434, 793, 34),
(435, 8, 15),
(435, 793, 28),
(436, 8, 16),
(436, 793, 29),
(439, 8, 17),
(439, 793, 30),
(440, 8, 18),
(440, 793, 31),
(441, 8, 19),
(441, 793, 32),
(446, 793, 25),
(448, 8, 21),
(448, 793, 40),
(449, 8, 23),
(449, 793, 44),
(450, 8, 24),
(450, 793, 42),
(459, 8, 26),
(459, 793, 46),
(463, 793, 47),
(464, 793, 48),
(465, 793, 53),
(468, 793, 54),
(469, 793, 55),
(470, 793, 56),
(475, 8, 34),
(475, 793, 60),
(476, 8, 35),
(476, 793, 67),
(480, 8, 37),
(480, 793, 71),
(481, 8, 38),
(481, 793, 76),
(482, 8, 39),
(482, 793, 75),
(483, 8, 40),
(483, 793, 72),
(484, 8, 41),
(484, 793, 69),
(485, 8, 42),
(485, 793, 70),
(486, 8, 43),
(486, 793, 74),
(493, 8, 48),
(493, 793, 61),
(494, 8, 50),
(494, 793, 64),
(495, 8, 49),
(495, 793, 63),
(496, 8, 51),
(497, 8, 52),
(497, 793, 65),
(498, 8, 53),
(513, 8, 55),
(513, 793, 81),
(547, 8, 57),
(547, 793, 83),
(595, 8, 58),
(595, 793, 90),
(698, 8, 81),
(698, 793, 110),
(702, 8, 83),
(720, 8, 25),
(720, 793, 43),
(725, 793, 84),
(727, 793, 85),
(728, 793, 86),
(729, 793, 88),
(750, 8, 61),
(750, 793, 98),
(751, 8, 72),
(751, 793, 92),
(752, 8, 62),
(752, 793, 108),
(753, 8, 73),
(753, 793, 96),
(769, 8, 27),
(769, 793, 58),
(770, 8, 28),
(770, 793, 59),
(771, 8, 29),
(771, 793, 7),
(774, 8, 30),
(774, 793, 8),
(776, 8, 32),
(776, 793, 37),
(777, 8, 33),
(777, 793, 38),
(780, 8, 44),
(780, 793, 77),
(794, 8, 54),
(794, 793, 62),
(804, 8, 46),
(804, 793, 80),
(805, 8, 20),
(805, 793, 36),
(806, 8, 84),
(806, 793, 113),
(807, 8, 12),
(807, 793, 16),
(808, 8, 63),
(808, 793, 107),
(814, 8, 64),
(814, 793, 106),
(815, 8, 74),
(815, 793, 97),
(816, 8, 78),
(816, 793, 109),
(817, 8, 65),
(817, 793, 105),
(830, 8, 56),
(830, 793, 82),
(831, 8, 85),
(831, 793, 112),
(832, 8, 47),
(832, 793, 78),
(835, 8, 75),
(835, 793, 95),
(836, 8, 66),
(836, 793, 99),
(837, 8, 67),
(837, 793, 100),
(838, 8, 68),
(838, 793, 104),
(839, 8, 69),
(839, 793, 103),
(840, 8, 70),
(840, 793, 102),
(841, 8, 71),
(841, 793, 101),
(842, 8, 76),
(842, 793, 94),
(843, 8, 77),
(843, 793, 93),
(844, 8, 59),
(845, 8, 60),
(845, 793, 91),
(847, 8, 79),
(848, 8, 80),
(851, 8, 82),
(851, 793, 111),
(855, 8, 45),
(855, 793, 73),
(865, 8, 31),
(868, 793, 6),
(876, 793, 49),
(877, 793, 51),
(878, 793, 52),
(879, 793, 50),
(880, 793, 57),
(881, 793, 39),
(885, 8, 22),
(885, 793, 41),
(886, 793, 45),
(888, 8, 36),
(888, 793, 68),
(890, 793, 79),
(900, 793, 66),
(911, 793, 87),
(914, 793, 13),
(915, 793, 14),
(916, 793, 22),
(917, 793, 23),
(918, 793, 17),
(943, 793, 18),
(944, 793, 19),
(945, 793, 20),
(958, 793, 89);

-- --------------------------------------------------------

--
-- Table structure for table `languages`
--

DROP TABLE IF EXISTS `languages`;
CREATE TABLE IF NOT EXISTS `languages` (
  `id` int(10) UNSIGNED NOT NULL AUTO_INCREMENT,
  `abbreviation` varchar(255) COLLATE utf8_unicode_ci NOT NULL,
  `name` varchar(255) COLLATE utf8_unicode_ci NOT NULL,
  `name_english` varchar(255) COLLATE utf8_unicode_ci DEFAULT NULL,
  `icon` varchar(255) COLLATE utf8_unicode_ci DEFAULT NULL,
  `twochar` varchar(2) COLLATE utf8_unicode_ci DEFAULT NULL,
  PRIMARY KEY (`id`),
  KEY `languages_id_index` (`id`),
  KEY `languages_abbreviation_index` (`abbreviation`),
  KEY `languages_name_index` (`name`)
) ENGINE=InnoDB AUTO_INCREMENT=6 DEFAULT CHARSET=utf8 COLLATE=utf8_unicode_ci;

--
-- Truncate table before insert `languages`
--

TRUNCATE TABLE `languages`;
--
-- Dumping data for table `languages`
--

INSERT INTO `languages` (`id`, `abbreviation`, `name`, `name_english`, `icon`, `twochar`) VALUES
(1, 'en_gb', 'English', 'English', 'flags/en.svg', 'en'),
(2, 'nl_nl', 'Nederlands', 'Dutch', 'flags/nl.svg', 'nl'),
(3, 'de_de', 'Deutsch', 'German', 'flags/de.svg', 'de'),
(4, 'da_dk', 'Dansk', 'Danish', 'flags/denmark.svg', 'da'),
(5, 'fr_fr', 'Franais', 'French', 'flags/france.svg', 'fr');

-- --------------------------------------------------------

--
-- Table structure for table `physical_quantities`
--

DROP TABLE IF EXISTS `physical_quantities`;
CREATE TABLE IF NOT EXISTS `physical_quantities` (
  `id` int(10) UNSIGNED NOT NULL AUTO_INCREMENT,
  `name` varchar(255) COLLATE utf8_unicode_ci NOT NULL,
  `unit` varchar(255) COLLATE utf8_unicode_ci NOT NULL,
  `abbreviation` varchar(255) COLLATE utf8_unicode_ci DEFAULT NULL,
  PRIMARY KEY (`id`),
  KEY `physical_quantities_id_index` (`id`),
  KEY `physical_quantities_name_index` (`name`)
) ENGINE=InnoDB AUTO_INCREMENT=15 DEFAULT CHARSET=utf8 COLLATE=utf8_unicode_ci;

--
-- Truncate table before insert `physical_quantities`
--

TRUNCATE TABLE `physical_quantities`;
--
-- Dumping data for table `physical_quantities`
--

INSERT INTO `physical_quantities` (`id`, `name`, `unit`, `abbreviation`) VALUES
(1, 'Temperature', 'C', 'C'),
(2, 'Humidity', '%RH', '%'),
(3, 'Weight', 'kg', 'kg'),
(4, 'Length', 'mm', 'mm'),
(5, 'Volume', 'liters', 'ltr'),
(6, 'Volume', 'milliliters', 'ml'),
(7, 'Weight', 'grams', 'gr'),
(8, 'Weight', 'milligrams', 'mg'),
(9, 'Surface', 'square decimeter', 'dm2'),
(10, 'Wind', 'beaufort', 'bft'),
(11, 'Percentage', 'percentage', '%'),
(12, 'per frame - both sides', 'per frame - both sides', 'p/rt'),
(13, 'per 100 bees', 'per 100 bees', 'p/100 B'),
(14, 'per day', 'per day', 'p/d');

-- --------------------------------------------------------

--
-- Table structure for table `translations`
--

DROP TABLE IF EXISTS `translations`;
CREATE TABLE IF NOT EXISTS `translations` (
  `id` int(10) UNSIGNED NOT NULL AUTO_INCREMENT,
  `name` varchar(255) COLLATE utf8_unicode_ci NOT NULL,
  `type` varchar(255) COLLATE utf8_unicode_ci DEFAULT NULL,
  `language_id` int(10) UNSIGNED NOT NULL,
  `translation` text COLLATE utf8_unicode_ci NOT NULL,
  PRIMARY KEY (`id`),
  KEY `translations_language_id_foreign` (`language_id`),
  KEY `translations_id_index` (`id`),
  KEY `translations_name_index` (`name`)
) ENGINE=InnoDB AUTO_INCREMENT=1439 DEFAULT CHARSET=utf8 COLLATE=utf8_unicode_ci;

--
-- Truncate table before insert `translations`
--

TRUNCATE TABLE `translations`;
--
-- Dumping data for table `translations`
--

INSERT INTO `translations` (`id`, `name`, `type`, `language_id`, `translation`) VALUES
(1, 'apiary', 'category', 1, 'Apiary'),
(2, 'name', 'category', 1, 'Name'),
(3, 'location', 'category', 1, 'Location'),
(4, 'street', 'category', 1, 'Street'),
(5, 'street_number', 'category', 1, 'Street number'),
(6, 'city', 'category', 1, 'City'),
(7, 'country', 'category', 1, 'Country'),
(8, '%5Blist_of_countries%5D', 'category', 1, 'List of countries'),
(9, 'gps', 'category', 1, 'GPS'),
(10, 'latitude', 'category', 1, 'Latitude'),
(11, 'longtitude', 'category', 1, 'Longtitude'),
(12, 'number_of_bee_colonies', 'category', 1, 'Number of bee colonies'),
(13, 'orientation', 'category', 1, 'Orientation'),
(14, 'direction', 'category', 1, 'Direction'),
(15, 'north', 'category', 1, 'North'),
(16, 'northeast', 'category', 1, 'Northeast'),
(17, 'east', 'category', 1, 'East'),
(18, 'southeast', 'category', 1, 'Southeast'),
(19, 'south', 'category', 1, 'South'),
(20, 'southwest', 'category', 1, 'Southwest'),
(21, 'west', 'category', 1, 'West'),
(22, 'northwest', 'category', 1, 'Northwest'),
(23, 'various', 'category', 1, 'Various'),
(24, 'status', 'category', 1, 'Status'),
(25, 'active', 'category', 1, 'Active'),
(26, 'not_active', 'category', 1, 'Not active'),
(27, 'photo', 'category', 1, 'Photo'),
(28, 'hive', 'category', 1, 'Hive'),
(29, 'id', 'category', 1, 'ID'),
(30, 'barcode', 'category', 1, 'Barcode'),
(31, 'type', 'category', 1, 'Type'),
(32, 'list', 'category', 1, 'Measurement'),
(33, 'traditional', 'category', 1, 'Traditional'),
(34, 'skep', 'category', 1, 'Skep'),
(35, 'mud_or_clay', 'category', 1, 'Mud or clay'),
(36, 'bee_gum', 'category', 1, 'Bee gum'),
(37, 'log', 'category', 1, 'Log or bee gum'),
(38, 'modern', 'category', 1, 'Modern'),
(39, 'spaarkast', 'category', 1, 'Spaarkast'),
(40, 'segeberger', 'category', 1, 'Segeberger'),
(41, 'dadant', 'category', 1, 'Dadant'),
(42, 'langstroth', 'category', 1, 'Langstroth'),
(43, 'top-bar', 'category', 1, 'Top-bar'),
(44, 'simplex', 'category', 1, 'Simplex'),
(45, 'william_broughton_carr', 'category', 1, 'William Broughton Carr'),
(46, 'flow_hive', 'category', 1, 'Flow hive'),
(47, 'bs_improved_national', 'category', 1, 'BS Improved National'),
(48, 'commercial', 'category', 1, 'Commercial'),
(49, 'charles_nash_abbott', 'category', 1, 'Charles Nash Abbott'),
(50, 'dartington_long_deep', 'category', 1, 'Dartington Long Deep'),
(51, 'beehaus', 'category', 1, 'Beehaus'),
(52, 'long_box', 'category', 1, 'Long Box'),
(53, 'warr%E3%A9', 'category', 1, 'Warr'),
(54, 'perone', 'category', 1, 'Perone'),
(55, 'kempisch', 'category', 1, 'Kempisch'),
(56, 'decoy_hive', 'category', 1, 'Decoy hive'),
(57, 'observation_hive', 'category', 1, 'Observation hive'),
(58, 'einraumbeute', 'category', 1, 'Einraumbeute'),
(59, 'custom', 'category', 1, 'Custom'),
(60, 'frame_size', 'category', 1, 'Frame size'),
(61, 'wide', 'category', 1, 'Wide'),
(62, 'quantity', 'category', 1, 'Quantity'),
(63, 'value', 'category', 1, 'Value'),
(64, 'si_unit', 'category', 1, 'SI unit'),
(65, 'long', 'category', 1, 'Long'),
(66, 'space', 'category', 1, 'Space'),
(67, 'too_little', 'category', 1, 'Too little'),
(68, 'just_right', 'category', 1, 'Just right'),
(69, 'spacious', 'category', 1, 'Spacious'),
(70, 'too_much', 'category', 1, 'Too much'),
(71, 'unoccupied_frames', 'category', 1, 'Unoccupied frames'),
(72, 'brood_frames', 'category', 1, 'Brood frames'),
(73, 'number', 'category', 1, 'Number'),
(74, 'super_frames', 'category', 1, 'Super frames'),
(75, 'configuration', 'category', 1, 'Configuration'),
(76, 'brood_layers', 'category', 1, 'Brood layers'),
(77, 'supers', 'category', 1, 'Supers'),
(78, 'frames_per_layer', 'category', 1, 'Frames per layer'),
(79, 'component', 'category', 1, 'Component'),
(80, 'brood_chamber', 'category', 1, 'Brood chamber'),
(81, 'super', 'category', 1, 'Super'),
(82, 'queen_excluder', 'category', 1, 'Queen excluder'),
(83, 'varroa_drawer', 'category', 1, 'Varroa drawer'),
(84, 'bee_lock', 'category', 1, 'Bee lock'),
(85, 'feeding_unit', 'category', 1, 'Feeding unit'),
(86, 'entrance_reducer', 'category', 1, 'Entrance reducer'),
(87, 'entrance_grill', 'category', 1, 'Entrance grill'),
(88, 'empty_frame', 'category', 1, 'Empty frame'),
(89, 'frame_with_comb_foundation', 'category', 1, 'Frame with comb foundation'),
(90, 'frame_with_drawn_comb', 'category', 1, 'Frame with drawn comb'),
(91, 'block_frame', 'category', 1, 'Block frame'),
(92, 'honey_frame', 'category', 1, 'Honey frame'),
(93, 'nectar_frame', 'category', 1, 'Nectar frame'),
(94, 'pollen_frame', 'category', 1, 'Pollen frame'),
(95, 'brood_frame', 'category', 1, 'Brood frame'),
(96, 'drone_comb', 'category', 1, 'Drone comb'),
(97, 'open_comb_frame', 'category', 1, 'open comb frame'),
(98, 'bee_escape', 'category', 1, 'Bee escape'),
(99, 'bottom_board', 'category', 1, 'Bottom board'),
(100, 'colour', 'category', 1, 'Colour'),
(101, 'id__', 'category', 1, 'ID  '),
(102, 'action', 'category', 1, 'Action'),
(103, 'added', 'category', 1, 'Added'),
(104, 'removed', 'category', 1, 'Removed'),
(105, 'cleaned', 'category', 1, 'Cleaned'),
(106, 'repaired', 'category', 1, 'Repaired'),
(107, 'replaced', 'category', 1, 'Replaced'),
(108, 'comb_replacement', 'category', 1, 'Comb replacement'),
(109, '%25_replaced', 'category', 1, '% replaced'),
(110, 'order_number', 'category', 1, 'Order number'),
(111, 'relocation', 'category', 1, 'Relocation'),
(112, 'destiny_apiary', 'category', 1, 'Destiny apiary'),
(113, 'reason', 'category', 1, 'Main reason'),
(114, 'pollination_services', 'category', 1, 'Pollination services'),
(115, 'honey_production', 'category', 1, 'Honey production'),
(116, 'general_relocation', 'category', 1, 'General relocation'),
(117, 'bee_colony', 'category', 1, 'Bee colony'),
(118, 'origin', 'category', 1, 'Origin'),
(119, 'split', 'category', 1, 'Split'),
(120, 'nucleus', 'category', 1, 'Nucleus'),
(121, 'package', 'category', 1, 'Package'),
(122, 'captured_swarm', 'category', 1, 'Captured swarm'),
(123, 'cut_out', 'category', 1, 'Cut out'),
(124, 'trap_out', 'category', 1, 'Trap out'),
(125, 'superseded', 'category', 1, 'Superseded'),
(126, 'list_of_countries', 'category', 1, 'List of countries'),
(127, 'bought', 'category', 1, 'Bought'),
(128, 'yes', 'category', 1, 'yes'),
(129, 'no', 'category', 1, 'No'),
(130, 'activity', 'category', 1, 'Activity'),
(131, 'pollen_inflow', 'category', 1, 'Pollen inflow'),
(132, 'low', 'category', 1, 'low'),
(133, 'medium', 'category', 1, 'medium'),
(134, 'high', 'category', 1, 'high'),
(135, 'extreme', 'category', 1, 'extreme'),
(136, 'play_flight', 'category', 1, 'Play flight'),
(137, 'sanitation_flight_date', 'category', 1, 'Sanitation flight date'),
(138, 'swarming', 'category', 1, 'Swarming'),
(139, 'number_of_swarms', 'category', 1, 'Number of swarms'),
(140, 'date', 'category', 1, 'Date'),
(141, 'time', 'category', 1, 'Time'),
(142, 'comb_construction', 'category', 1, 'Comb construction'),
(143, 'number_of_frames', 'category', 1, 'Number of frames'),
(144, 'brace_comb', 'category', 1, 'brace comb'),
(145, 'foraging', 'category', 1, 'Foraging'),
(146, 'measurement', 'category', 1, 'Measurement'),
(147, 'honey', 'category', 1, 'Honey'),
(148, 'pollen', 'category', 1, 'Pollen'),
(149, 'bee_packages', 'category', 1, 'Bee packages'),
(150, 'royal_jelly', 'category', 1, 'Royal jelly'),
(151, 'queens', 'category', 1, 'Queens'),
(152, 'propolis', 'category', 1, 'Propolis'),
(153, 'wax', 'category', 1, 'Wax'),
(154, 'venom', 'category', 1, 'Venom'),
(155, 'hive_rental', 'category', 1, 'Hive rental'),
(156, 'training', 'category', 1, 'Training'),
(157, 'strength', 'category', 1, 'Strength'),
(158, 'frames_with_bees', 'category', 1, 'Frames with bees'),
(159, 'stable', 'category', 1, 'Stable'),
(160, 'needs_attention', 'category', 1, 'Needs attention'),
(161, 'characteristics', 'category', 1, 'Characteristics'),
(162, 'temper', 'category', 1, 'Temper'),
(163, 'calm', 'category', 1, 'Calm'),
(164, 'attentive', 'category', 1, 'Attentive'),
(165, 'nervous', 'category', 1, 'Nervous'),
(166, 'agressive', 'category', 1, 'Agressive'),
(167, 'before_inspection', 'category', 1, 'Before inspection'),
(168, 'after_inspection', 'category', 1, 'After inspection'),
(169, 'comb_calmness', 'category', 1, 'Comb calmness'),
(170, 'poor', 'category', 1, 'poor'),
(171, 'fair', 'category', 1, 'fair'),
(172, 'good', 'category', 1, 'Good'),
(173, 'excellent', 'category', 1, 'excellent'),
(174, 'swarm_tendency', 'category', 1, 'Swarm tendency'),
(175, 'spring_buildup', 'category', 1, 'Spring buildup'),
(176, 'over-wintering_ability', 'category', 1, 'Over-wintering ability'),
(177, 'swarm_prevention', 'category', 1, 'Swarm prevention'),
(178, 'method', 'category', 1, 'Method'),
(179, 'cutting_out_queen_cells', 'category', 1, 'Cutting out queen cells'),
(180, 'queen_wing_clipping', 'category', 1, 'Queen wing clipping'),
(181, 'artificial_swarming', 'category', 1, 'Artificial Swarming'),
(182, 'demareeing', 'category', 1, 'Demareeing'),
(183, 'queen_includer', 'category', 1, 'Queen Includer'),
(184, 'brood', 'category', 1, 'Brood'),
(185, 'frames_with_brood', 'category', 1, 'Frames with brood'),
(186, 'types', 'category', 1, 'Types'),
(187, 'all_stages', 'category', 1, 'All stages'),
(188, 'eggs', 'category', 1, 'Eggs'),
(189, 'open_brood', 'category', 1, 'open brood'),
(190, 'capped', 'category', 1, 'capped'),
(191, 'pattern_consistency', 'category', 1, 'Pattern consistency'),
(192, '%25_of_empty_cells', 'category', 1, '% of empty cells'),
(193, 'health', 'category', 1, 'Health'),
(194, 'hygiene', 'category', 1, 'Hygiene'),
(195, 'general', 'category', 1, 'General'),
(196, 'list_score', 'category', 1, 'list / score'),
(197, 'poor_1', 'category', 1, 'poor / 1'),
(198, 'fair_2', 'category', 1, 'fair / 2'),
(199, 'good_3', 'category', 1, 'good / 3'),
(200, 'excellent_4', 'category', 1, 'excellent / 4'),
(201, 'disease_resistence', 'category', 1, 'Disease resistence'),
(202, 'hygienic_behaviour', 'category', 1, 'Hygienic behaviour'),
(203, 'pin_test', 'category', 1, 'Pin test'),
(204, 'score_%28%25%29', 'category', 1, 'Score (%)'),
(205, 'varroa_sensitive_hygiene_%28vsh%29', 'category', 1, 'Varroa sensitive hygiene (VSH)'),
(206, 'odor', 'category', 1, 'Odor'),
(207, 'foul', 'category', 1, 'Foul'),
(208, 'fermented', 'category', 1, 'Fermented'),
(209, 'queen_bee', 'category', 1, 'Queen'),
(210, 'species', 'category', 1, 'Species'),
(211, 'genus', 'category', 1, 'Genus'),
(212, 'western_honey_bee', 'category', 1, 'Western honey bee'),
(213, 'breeding_line', 'category', 1, 'Breeding line'),
(214, 'mother', 'category', 1, 'Mother'),
(215, 'generation', 'category', 1, 'Generation'),
(216, 'p1', 'category', 1, 'P1'),
(217, 'f1', 'category', 1, 'F1'),
(218, 'f2', 'category', 1, 'F2'),
(219, 'birth_date', 'category', 1, 'Birth date'),
(220, 'year', 'category', 1, 'Year'),
(221, 'month', 'category', 1, 'month'),
(222, 'day', 'category', 1, 'day'),
(223, 'reared', 'category', 1, 'Reared'),
(224, 'queen_cell', 'category', 1, 'Queen cell'),
(225, 'supersedure', 'category', 1, 'Supersedure'),
(226, 'acquired', 'category', 1, 'Acquired'),
(227, 'swarm', 'category', 1, 'Swarm'),
(228, 'from_queen_breeder', 'category', 1, 'From queen breeder'),
(229, 'features', 'category', 1, 'Features'),
(230, 'length', 'category', 1, 'Length'),
(231, 'mark_color', 'category', 1, 'Mark colour'),
(232, 'white', 'category', 1, 'White'),
(233, 'yellow', 'category', 1, 'Yellow'),
(234, 'red', 'category', 1, 'Red'),
(235, 'green', 'category', 1, 'Green'),
(236, 'blue', 'category', 1, 'Blue'),
(237, 'other_color', 'category', 1, 'Other color'),
(238, 'clipped', 'category', 1, 'Clipped'),
(239, 'numbered', 'category', 1, 'Numbered'),
(240, 'treatment', 'category', 1, 'Treatment'),
(241, 'clipping', 'category', 1, 'Clipping'),
(242, 'marking', 'category', 1, 'Marking'),
(243, 'numbering', 'category', 1, 'Numbering'),
(244, 'fertilisation', 'category', 1, 'Fertilisation'),
(245, 'fertilised', 'category', 1, 'Fertilised'),
(246, 'naturally', 'category', 1, 'Naturally'),
(247, 'artificially', 'category', 1, 'Artificially'),
(248, 'presence', 'category', 1, 'Presence'),
(249, 'not_seen', 'category', 1, 'not seen'),
(250, 'seen', 'category', 1, 'seen'),
(251, 'absent', 'category', 1, 'absent'),
(252, 'prolificness', 'category', 1, 'Prolificness'),
(253, 'cells', 'category', 1, 'Cells'),
(254, 'cup', 'category', 1, 'Cup'),
(255, 'supercedure', 'category', 1, 'Supercedure'),
(256, 'emergency', 'category', 1, 'Emergency'),
(257, 'removal', 'category', 1, 'Removal'),
(258, 'removed_bees_from_frames', 'category', 1, 'Removed bees from frames'),
(259, 'left', 'category', 1, 'Left'),
(260, 'introduction', 'category', 1, 'Introduction'),
(261, 'queen_cage', 'category', 1, 'Queen cage'),
(262, 'original_queen_bee_was_intentionally_removed', 'category', 1, 'Original queen bee was intentionally removed'),
(263, 'original_queen_bee_was_missing', 'category', 1, 'Original queen bee was missing'),
(264, 'queen_bee_improvement', 'category', 1, 'Queen bee improvement'),
(265, 'drones', 'category', 1, 'Drones'),
(266, 'drones_present', 'category', 1, 'Drones present'),
(267, 'frames_with_drone_cells', 'category', 1, 'Frames with drone cells'),
(268, 'uniting_colonies', 'category', 1, 'Uniting colonies'),
(269, 'colony_id%27s', 'category', 1, 'Colony ID\'s'),
(270, 'bees_added', 'category', 1, 'Bees added'),
(271, 'weight', 'category', 1, 'Weight'),
(272, 'loss', 'category', 1, 'Loss'),
(273, 'colony', 'category', 1, 'Colony'),
(274, 'bees', 'category', 1, 'Bees'),
(275, 'count_of_dead_bees', 'category', 1, 'Count of dead bees'),
(276, 'in_hive', 'category', 1, 'In hive'),
(277, 'below_hive', 'category', 1, 'Below hive'),
(278, 'in_front_of_hive', 'category', 1, 'In front of hive'),
(279, 'elsewhere', 'category', 1, 'Elsewhere'),
(280, 'food', 'category', 1, 'Food'),
(281, 'feeding', 'category', 1, 'Feeding'),
(282, 'type_of_food', 'category', 1, 'Type of food'),
(283, 'inverted_beet_sugar_syrup', 'category', 1, 'Inverted Beet Sugar Syrup'),
(284, 'high_fructose_corn_syrup_%28hfcs%29', 'category', 1, 'High Fructose Corn Syrup (HFCS)'),
(285, 'honey_frame%28s%29_with_honey', 'category', 1, 'Honey frame(s) with honey'),
(286, 'frame%28s%29_with_nectar_', 'category', 1, 'Frame(s) with nectar '),
(287, 'pollen_substitute', 'category', 1, 'Pollen substitute'),
(288, 'beet_sugar', 'category', 1, 'Beet sugar'),
(289, 'amount', 'category', 1, 'Amount'),
(290, 'ratio', 'category', 1, 'Ratio'),
(291, 'feeding_date', 'category', 1, 'Feeding date'),
(292, 'storage', 'category', 1, 'Storage'),
(293, 'nectar', 'category', 1, 'Nectar'),
(294, 'bee_bread', 'category', 1, 'Bee bread'),
(295, 'forage', 'category', 1, 'Forage'),
(296, 'source', 'category', 1, 'Source'),
(297, 'primary', 'category', 1, 'Primary'),
(298, 'secondary', 'category', 1, 'Secondary'),
(299, 'flowering_period', 'category', 1, 'Flowering period'),
(300, 'date_range', 'category', 1, 'Date range'),
(301, 'water', 'category', 1, 'Water'),
(302, 'availability', 'category', 1, 'Availability'),
(303, 'disorder', 'category', 1, 'Disorder'),
(304, 'microbial_diseases', 'category', 1, 'Microbial diseases'),
(305, 'bacterial_diseases', 'category', 1, 'Bacterial Diseases'),
(306, 'american_foulbrood', 'category', 1, 'American Foulbrood'),
(307, 'european_foulbrood', 'category', 1, 'European Foulbrood'),
(308, 'viral_diseases', 'category', 1, 'Viral Diseases'),
(309, 'cripaviridae', 'category', 1, 'Cripaviridae'),
(310, 'chronic_bee_paralysis_virus', 'category', 1, 'Chronic Bee Paralysis virus'),
(311, 'dicistroviridae', 'category', 1, 'Dicistroviridae'),
(312, 'acute_bee_paralysis_virus', 'category', 1, 'Acute bee paralysis virus'),
(313, 'israeli_acute_paralysis_virus', 'category', 1, 'Israeli acute paralysis virus'),
(314, 'kashmir_bee_virus', 'category', 1, 'Kashmir bee virus'),
(315, 'black_queen_cell_virus', 'category', 1, 'Black queen cell virus'),
(316, 'cloudy_wing_virus', 'category', 1, 'Cloudy wing virus'),
(317, 'sacbrood_virus', 'category', 1, 'Sacbrood virus'),
(318, 'iflaviridae', 'category', 1, 'Iflaviridae'),
(319, 'deformed_wing_virus', 'category', 1, 'Deformed Wing Virus'),
(320, 'kakugo_virus', 'category', 1, 'Kakugo virus'),
(321, 'iridoviridae', 'category', 1, 'Iridoviridae'),
(322, 'invertebrate_iridescent_virus_type_6', 'category', 1, 'Invertebrate iridescent virus type 6'),
(323, 'secoviridae', 'category', 1, 'Secoviridae'),
(324, 'tobacco_ringspot_virus', 'category', 1, 'Tobacco ringspot virus'),
(325, 'lake_sinai_virus', 'category', 1, 'Lake Sinai virus'),
(326, 'fungal_diseases', 'category', 1, 'Fungal Diseases'),
(327, 'chalkbrood', 'category', 1, 'Chalkbrood'),
(328, 'stonebrood', 'category', 1, 'Stonebrood'),
(329, 'nosema', 'category', 1, 'Nosema'),
(330, 'nosema_apis', 'category', 1, 'Nosema apis'),
(331, 'nosema_ceranae', 'category', 1, 'Nosema ceranae'),
(332, 'protozoan_diseases', 'category', 1, 'Protozoan Diseases'),
(333, 'amoeba_disease', 'category', 1, 'Amoeba disease'),
(334, 'parasitic_bee_mites', 'category', 1, 'Parasitic bee mites'),
(335, 'tracheal_mites', 'category', 1, 'Tracheal mites'),
(336, 'varroa_mite_count', 'category', 1, 'Varroa mite count'),
(337, 'counting_method', 'category', 1, 'Counting method'),
(338, 'tropilaelaps_mites', 'category', 1, 'Tropilaelaps mites'),
(339, 'insects', 'category', 1, 'Insects'),
(340, 'wax_moths', 'category', 1, 'Wax Moths'),
(341, 'the_greater_wax_moths', 'category', 1, 'The greater wax moths'),
(342, 'the_lesser_wax_moths', 'category', 1, 'The lesser wax moths'),
(343, 'small_hive_beetles', 'category', 1, 'Small Hive Beetles'),
(344, 'ants', 'category', 1, 'Ants'),
(345, 'wasps', 'category', 1, 'Wasps'),
(346, 'hornets', 'category', 1, 'Hornets'),
(347, 'asian_hornets', 'category', 1, 'Asian hornets'),
(348, 'european_hornets', 'category', 1, 'European hornets'),
(349, 'vertebrates', 'category', 1, 'Vertebrates'),
(350, 'amphibians', 'category', 1, 'Amphibians'),
(351, 'reptiles', 'category', 1, 'Reptiles'),
(352, 'birds', 'category', 1, 'Birds'),
(353, 'mammals', 'category', 1, 'Mammals'),
(354, 'mice', 'category', 1, 'Mice'),
(355, 'badgers', 'category', 1, 'Badgers'),
(356, 'bear%28s%29', 'category', 1, 'Bear(s)'),
(357, 'other', 'category', 1, 'Other'),
(358, 'chilled_brood', 'category', 1, 'Chilled Brood'),
(359, 'overheated_bees', 'category', 1, 'Overheated Bees'),
(360, 'pesticide_losses', 'category', 1, 'Pesticide losses'),
(361, 'queenlessness_and_laying_workers', 'category', 1, 'Queenlessness and Laying Workers'),
(362, 'colony_collapse_disorder', 'category', 1, 'Colony collapse disorder'),
(363, 'spotty_brood', 'category', 1, 'Spotty Brood'),
(364, 'starvation', 'category', 1, 'Starvation'),
(365, 'mold', 'category', 1, 'Mold'),
(366, 'robbing', 'category', 1, 'Robbing'),
(367, 'vandalism', 'category', 1, 'Vandalism'),
(368, 'bee_lice', 'category', 1, 'Bee lice'),
(369, 'drone-laying_queen', 'category', 1, 'Drone-laying queen'),
(370, 'severity', 'category', 1, 'Severity'),
(371, 'diagnosis', 'category', 1, 'Diagnosis'),
(372, 'by_beekeeper', 'category', 1, 'by beekeeper'),
(373, 'by_laboratory', 'category', 1, 'by laboratory'),
(374, 'varroa_treatment', 'category', 1, 'Varroa treatment'),
(375, 'medication', 'category', 1, 'Medication'),
(376, 'treatment_date', 'category', 1, 'Treatment date'),
(377, 'result', 'category', 1, 'Result'),
(378, 'no_effect', 'category', 1, 'No effect'),
(379, 'some_effect', 'category', 1, 'Some effect'),
(380, 'good_effect', 'category', 1, 'Good effect'),
(381, 'full_effect', 'category', 1, 'full effect'),
(382, 'disorder_resolved', 'category', 1, 'Disorder resolved'),
(383, 'parameter', 'category', 1, 'Parameter'),
(384, 'hive_weight', 'category', 1, 'Hive weight'),
(385, 'temperature', 'category', 1, 'Temperature'),
(386, 'sound', 'category', 1, 'Sound'),
(387, 'sound_level', 'category', 1, 'Sound level'),
(388, 'audio_spectrum', 'category', 1, 'Audio spectrum'),
(389, 'flight_activity', 'category', 1, 'Flight activity'),
(390, 'humidity', 'category', 1, 'Humidity'),
(391, 'cloud_cover', 'category', 1, 'Cloud cover'),
(392, 'clear', 'category', 1, 'Clear'),
(393, 'some_clouds', 'category', 1, 'Some clouds'),
(394, 'heavy_clouds', 'category', 1, 'Heavy clouds'),
(395, 'solar_radiation', 'category', 1, 'Solar radiation'),
(396, 'wind', 'category', 1, 'Wind'),
(397, 'precipitation', 'category', 1, 'Precipitation'),
(398, 'none', 'category', 1, 'none'),
(399, 'some', 'category', 1, 'some'),
(400, 'heavy', 'category', 1, 'heavy'),
(401, 'atmospheric_pressure', 'category', 1, 'Atmospheric pressure'),
(402, 'data', 'category', 1, 'Data'),
(403, 'timestamp', 'category', 1, 'Timestamp'),
(404, 'in_and_around_hive', 'category', 1, 'In and around hive'),
(405, 'in_brood', 'category', 1, 'In brood'),
(406, 'not_in_brood_', 'category', 1, 'Not in brood '),
(407, 'above_hive', 'category', 1, 'Above hive'),
(408, 'entrance', 'category', 1, 'Entrance'),
(409, 'outside', 'category', 1, 'Outside'),
(410, 'inside', 'category', 1, 'Inside'),
(411, 'in_apiary', 'category', 1, 'In apiary'),
(412, 'under_roof', 'category', 1, 'Under roof'),
(413, 'open_air', 'category', 1, 'Open air'),
(414, 'sensor', 'category', 1, 'Sensor'),
(415, 'manual', 'category', 1, 'Manual'),
(416, 'beekeeper', 'category', 1, 'Beekeeper'),
(417, 'telephone', 'category', 1, 'Telephone'),
(418, 'email', 'category', 1, 'Email'),
(419, 'date_of_birth', 'category', 1, 'Date of birth'),
(420, 'gender', 'category', 1, 'Gender'),
(421, 'beekeeper_since', 'category', 1, 'Beekeeper since'),
(422, 'beekeeper_id', 'category', 1, 'Beekeeper ID'),
(423, 'company', 'category', 1, 'Company'),
(424, 'organic', 'category', 1, 'Organic'),
(425, 'conventional', 'category', 1, 'Conventional'),
(426, 'biodynamic', 'category', 1, 'Biodynamic'),
(427, 'natural', 'category', 1, 'Natural'),
(428, 'role', 'category', 1, 'Role'),
(429, 'teacher', 'category', 1, 'Teacher'),
(430, 'student', 'category', 1, 'Student'),
(431, 'inspection_role', 'category', 1, 'Inspection role'),
(432, 'observer', 'category', 1, 'observer'),
(433, 'recorder', 'category', 1, 'recorder'),
(434, 'inspector', 'category', 1, 'inspector'),
(435, 'production', 'category', 1, 'Production'),
(436, 'extracted_honey', 'category', 1, 'Honey'),
(437, 'comb_honey', 'category', 1, 'Comb honey'),
(438, 'beewax', 'category', 1, 'Beewax'),
(439, 'apitoxin', 'category', 1, 'Apitoxin'),
(440, 'bee_brood', 'category', 1, 'Bee brood'),
(441, 'nucs', 'category', 1, 'Nucs'),
(442, 'apiary', 'category', 2, 'Bijenstand'),
(443, 'name', 'category', 2, 'Naam'),
(444, 'location', 'category', 2, 'Locatie'),
(445, 'street', 'category', 2, 'Straat'),
(446, 'street_number', 'category', 2, 'Nummer'),
(447, 'city', 'category', 2, 'Stad'),
(448, 'country', 'category', 2, 'Land'),
(449, 'gps', 'category', 2, 'GPS cordinaten'),
(450, 'latitude', 'category', 2, 'Breedtegraad (latitude)'),
(451, 'longtitude', 'category', 2, 'Lengtegraad (longitude)'),
(452, 'number_of_bee_colonies', 'category', 2, 'Aantal bijenvolken'),
(453, 'orientation', 'category', 2, 'Orientatie'),
(454, 'direction', 'category', 2, 'Richting'),
(455, 'north', 'category', 2, 'Noord'),
(456, 'northeast', 'category', 2, 'Noordoost'),
(457, 'east', 'category', 2, 'Oost'),
(458, 'southeast', 'category', 2, 'Zuidoost'),
(459, 'south', 'category', 2, 'Zuid'),
(460, 'southwest', 'category', 2, 'Zuidwest'),
(461, 'west', 'category', 2, 'West'),
(462, 'northwest', 'category', 2, 'Noordwest'),
(463, 'various', 'category', 2, 'divers'),
(464, 'status', 'category', 2, 'Status'),
(465, 'active', 'category', 2, 'Actief'),
(466, 'not_active', 'category', 2, 'Niet actief'),
(467, 'photo', 'category', 2, 'Foto'),
(468, 'hive', 'category', 2, 'Kast'),
(469, 'id', 'category', 2, 'ID'),
(470, 'barcode', 'category', 2, 'Barcode'),
(471, 'type', 'category', 2, 'Type'),
(472, 'list', 'category', 2, 'Meting'),
(473, 'traditional', 'category', 2, 'Traditioneel'),
(474, 'modern', 'category', 2, 'Modern'),
(475, '%5Blist_of_countries%5D', 'category', 2, 'Landenlijst'),
(476, 'mud_or_clay', 'category', 2, 'Modder of klei'),
(477, 'spaarkast', 'category', 2, 'Spaarkast'),
(478, 'segeberger', 'category', 2, 'Segeberger'),
(479, 'dadant', 'category', 2, 'Dadant'),
(480, 'langstroth', 'category', 2, 'Langstroth'),
(481, 'top-bar', 'category', 2, 'Top-bar'),
(482, 'simplex', 'category', 2, 'Simplex'),
(483, 'william_broughton_carr', 'category', 2, 'William Broughton Carr'),
(484, 'flow_hive', 'category', 2, 'Flow hive'),
(485, 'bs_improved_national', 'category', 2, 'BS Improved National'),
(486, 'commercial', 'category', 2, 'Commercieel'),
(487, 'charles_nash_abbott', 'category', 2, 'Charles Nash Abbott'),
(488, 'dartington_long_deep', 'category', 2, 'Dartington Long Deep'),
(489, 'beehaus', 'category', 2, 'Beehaus'),
(490, 'long_box', 'category', 2, 'Long Box'),
(491, 'warr%E3%A9', 'category', 2, 'Warr'),
(492, 'perone', 'category', 2, 'Perone'),
(493, 'kempisch', 'category', 2, 'Kempisch'),
(494, 'frame_size', 'category', 2, 'Raam afmetingen'),
(495, 'wide', 'category', 2, 'Breedte'),
(496, 'quantity', 'category', 2, 'Grootheid'),
(497, 'value', 'category', 2, 'Getal'),
(498, 'si_unit', 'category', 2, 'Eenheid'),
(499, 'long', 'category', 2, 'Lengte'),
(500, 'space', 'category', 2, 'Ruimte'),
(501, 'too_little', 'category', 2, 'te weinig'),
(502, 'just_right', 'category', 2, 'precies goed'),
(503, 'spacious', 'category', 2, 'ruim'),
(504, 'too_much', 'category', 2, 'te ruim'),
(505, 'unoccupied_frames', 'category', 2, 'Onbezette ramen'),
(506, 'brood_frames', 'category', 2, 'Broedramen'),
(507, 'number', 'category', 2, 'Aantal'),
(508, 'super_frames', 'category', 2, 'Honingkamer ramen'),
(509, 'configuration', 'category', 2, 'Samenstelling'),
(510, 'brood_layers', 'category', 2, 'Broedramen'),
(511, 'supers', 'category', 2, 'Honingkamer ramen'),
(512, 'frames_per_layer', 'category', 2, 'Ramen per kamer'),
(513, 'log', 'category', 2, 'Kloskorf'),
(514, 'observation_hive', 'category', 2, 'Observatie'),
(515, 'custom', 'category', 2, 'Eigen ontwerp'),
(516, 'component', 'category', 2, 'Component'),
(517, 'brood_chamber', 'category', 2, 'Broedkamer'),
(518, 'super', 'category', 2, 'Honingkamer'),
(519, 'queen_excluder', 'category', 2, 'Moerrooster'),
(520, 'varroa_drawer', 'category', 2, 'Varroa lade'),
(521, 'bee_lock', 'category', 2, 'Bijensluis'),
(522, 'empty_frame', 'category', 2, 'Leeg frame'),
(523, 'frame_with_comb_foundation', 'category', 2, 'Kunstraat'),
(524, 'block_frame', 'category', 2, 'Blok'),
(525, 'honey_frame', 'category', 2, 'Honingkamer raam'),
(526, 'nectar_frame', 'category', 2, 'Raam met nectar'),
(527, 'pollen_frame', 'category', 2, 'Raam met stuifmeel'),
(528, 'brood_frame', 'category', 2, 'Broedraat'),
(529, 'drone_comb', 'category', 2, 'Darrenraat'),
(530, 'bee_escape', 'category', 2, 'Bijen uitlaat'),
(531, 'bottom_board', 'category', 2, 'Kast bodem'),
(532, 'colour', 'category', 2, 'Kleur'),
(533, 'id__', 'category', 2, 'ID'),
(534, 'action', 'category', 2, 'Handeling'),
(535, 'added', 'category', 2, 'Toegevoegd'),
(536, 'removed', 'category', 2, 'Verwijderd'),
(537, 'cleaned', 'category', 2, 'Verschoond'),
(538, 'repaired', 'category', 2, 'Gerepareerd'),
(539, 'replaced', 'category', 2, 'Vervangen'),
(540, 'comb_replacement', 'category', 2, 'Raat vervanging'),
(541, '%25_replaced', 'category', 2, '% vervangen'),
(542, 'order_number', 'category', 2, 'Volgnummer'),
(543, 'relocation', 'category', 2, 'Verplaatsing'),
(544, 'destiny_apiary', 'category', 2, 'Bestemming (bijenstand)'),
(545, 'reason', 'category', 2, 'Hoofdreden'),
(546, 'pollination_services', 'category', 2, 'Bestuivingsservice'),
(547, 'honey_production', 'category', 2, 'Honing productie'),
(548, 'general_relocation', 'category', 2, 'Algemene verplaatsing'),
(549, 'bee_colony', 'category', 2, 'Bijenvolk'),
(550, 'origin', 'category', 2, 'Oorsprong'),
(551, 'split', 'category', 2, 'Splitsing'),
(552, 'captured_swarm', 'category', 2, 'Zwerm'),
(553, 'list_of_countries', 'category', 2, 'Landenlijst'),
(554, 'bought', 'category', 2, 'Gekocht'),
(555, 'yes', 'category', 2, 'ja'),
(556, 'no', 'category', 2, 'nee'),
(557, 'activity', 'category', 2, 'Activiteit'),
(558, 'pollen_inflow', 'category', 2, 'Aanvoer van stuifmeel'),
(559, 'low', 'category', 2, 'Laag'),
(560, 'medium', 'category', 2, 'Medium'),
(561, 'high', 'category', 2, 'Hoog'),
(562, 'extreme', 'category', 2, 'Extreem'),
(563, 'sanitation_flight_date', 'category', 2, 'Reinigingsvlucht'),
(564, 'swarming', 'category', 2, 'Zwermen'),
(565, 'number_of_swarms', 'category', 2, 'Aantal'),
(566, 'date', 'category', 2, 'Datum'),
(567, 'time', 'category', 2, 'Tijd'),
(568, 'comb_construction', 'category', 2, 'Raatbouw'),
(569, 'number_of_frames', 'category', 2, 'Aantal ramen'),
(570, 'brace_comb', 'category', 2, 'Wildbouw'),
(571, 'honey', 'category', 2, 'Honing'),
(572, 'pollen', 'category', 2, 'Stuifmeel'),
(573, 'royal_jelly', 'category', 2, 'Koninginnengelei'),
(574, 'queens', 'category', 2, 'Moeren'),
(575, 'nucleus', 'category', 2, 'Kernvolk'),
(576, 'propolis', 'category', 2, 'Propolis'),
(577, 'wax', 'category', 2, 'Was'),
(578, 'venom', 'category', 2, 'Bijengif'),
(579, 'hive_rental', 'category', 2, 'Verhuur'),
(580, 'training', 'category', 2, 'Opleiding'),
(581, 'strength', 'category', 2, 'Kracht'),
(582, 'frames_with_bees', 'category', 2, 'Ramen met bijen'),
(583, 'stable', 'category', 2, 'Stabiel'),
(584, 'needs_attention', 'category', 2, 'Aandacht nodig'),
(585, 'characteristics', 'category', 2, 'Eigenschappen'),
(586, 'temper', 'category', 2, 'Temperament'),
(587, 'calm', 'category', 2, 'Kalm'),
(588, 'attentive', 'category', 2, 'Oplettend'),
(589, 'nervous', 'category', 2, 'Nerveus'),
(590, 'agressive', 'category', 2, 'Agressief'),
(591, 'before_inspection', 'category', 2, 'Voor inspectie'),
(592, 'after_inspection', 'category', 2, 'Na inspectie'),
(593, 'poor', 'category', 2, 'Slecht'),
(594, 'fair', 'category', 2, 'Redelijk'),
(595, 'good', 'category', 2, 'Goed'),
(596, 'excellent', 'category', 2, 'Uitstekend'),
(597, 'swarm_tendency', 'category', 2, 'Zwerm neiging'),
(598, 'over-wintering_ability', 'category', 2, 'Overwintering'),
(599, 'swarm_prevention', 'category', 2, 'Zwermverhindering'),
(600, 'method', 'category', 2, 'Methode'),
(601, 'queen_wing_clipping', 'category', 2, 'Vleugel moer knippen'),
(602, 'artificial_swarming', 'category', 2, 'Kunstzwerm maken'),
(603, 'brood', 'category', 2, 'Broed'),
(604, 'frames_with_brood', 'category', 2, 'Ramen met broed'),
(605, 'types', 'category', 2, 'Types'),
(606, 'all_stages', 'category', 2, 'BRIAS'),
(607, 'eggs', 'category', 2, 'Eitjes'),
(608, 'open_brood', 'category', 2, 'Open broed'),
(609, 'capped', 'category', 2, 'Gesloten broed'),
(610, 'measurement', 'category', 2, 'Meting'),
(611, '%25_of_empty_cells', 'category', 2, '% lege cellen'),
(612, 'health', 'category', 2, 'Gezondheid'),
(613, 'general', 'category', 2, 'Algemeen'),
(614, 'in_apiary', 'category', 2, 'In bijenstal'),
(615, 'under_roof', 'category', 2, 'Onder dak'),
(616, 'open_air', 'category', 2, 'Open lucht'),
(617, 'sensor', 'category', 2, 'Sensor'),
(618, 'manual', 'category', 2, 'Handmatig'),
(619, 'beekeeper', 'category', 2, 'Imker'),
(620, 'telephone', 'category', 2, 'Telefoon'),
(621, 'email', 'category', 2, 'Email'),
(622, 'date_of_birth', 'category', 2, 'Geboortedatum'),
(623, 'gender', 'category', 2, 'Geslacht'),
(624, 'beekeeper_since', 'category', 2, 'Imker sinds'),
(625, 'year', 'category', 2, 'Jaar'),
(626, 'beekeeper_id', 'category', 2, 'Imker ID'),
(627, 'company', 'category', 2, 'Bedrijf'),
(628, 'organic', 'category', 2, 'Organisch'),
(629, 'conventional', 'category', 2, 'Conventioneel'),
(630, 'biodynamic', 'category', 2, 'Biodynamisch'),
(631, 'natural', 'category', 2, 'Natuurlijk'),
(632, 'role', 'category', 2, 'Rol'),
(633, 'teacher', 'category', 2, 'Leraar'),
(634, 'student', 'category', 2, 'Student'),
(635, 'inspection_role', 'category', 2, 'Inspectie rol'),
(636, 'inspector', 'category', 2, 'Inspecteur'),
(637, 'production', 'category', 2, 'Productie'),
(638, 'extracted_honey', 'category', 2, 'Honing'),
(639, 'comb_honey', 'category', 2, 'Raathoning'),
(640, 'beewax', 'category', 2, 'Bijenwas'),
(641, 'bee_brood', 'category', 2, 'Bijenbrood'),
(642, 'odor', 'category', 2, 'Geur'),
(643, 'fermented', 'category', 2, 'Gefermenteerd'),
(644, 'queen_bee', 'category', 2, 'Moer'),
(645, 'mother', 'category', 2, 'Moeder'),
(646, 'generation', 'category', 2, 'Generatie / raszuiverheid'),
(647, 'p1', 'category', 2, 'P1'),
(648, 'f1', 'category', 2, 'F1'),
(649, 'f2', 'category', 2, 'F2'),
(650, 'birth_date', 'category', 2, 'Geboortedatum'),
(651, 'month', 'category', 2, 'Maand'),
(652, 'day', 'category', 2, 'Dag'),
(653, 'queen_cell', 'category', 2, 'Moerdop'),
(654, 'acquired', 'category', 2, 'Gekocht'),
(655, 'swarm', 'category', 2, 'Zwerm'),
(656, 'from_queen_breeder', 'category', 2, 'Teler'),
(657, 'features', 'category', 2, 'Kenmerken'),
(658, 'length', 'category', 2, 'Lengte'),
(659, 'mark_color', 'category', 2, 'Merk kleur'),
(660, 'white', 'category', 2, 'Wit'),
(661, 'yellow', 'category', 2, 'Geel'),
(662, 'red', 'category', 2, 'Rood'),
(663, 'green', 'category', 2, 'Groen'),
(664, 'blue', 'category', 2, 'Blauw'),
(665, 'other_color', 'category', 2, 'Andere kleur'),
(666, 'clipped', 'category', 2, 'Geknipt'),
(667, 'numbered', 'category', 2, 'Genummerd'),
(668, 'treatment', 'category', 2, 'Behandeling'),
(669, 'clipping', 'category', 2, 'Knippen'),
(670, 'marking', 'category', 2, 'Merken'),
(671, 'numbering', 'category', 2, 'Nummer geven'),
(672, 'fertilisation', 'category', 2, 'Bevruchting'),
(673, 'fertilised', 'category', 2, 'Bevrucht'),
(674, 'naturally', 'category', 2, 'Natuurlijk'),
(675, 'artificially', 'category', 2, 'Kunstmatig'),
(676, 'presence', 'category', 2, 'Aanwezigheid'),
(677, 'not_seen', 'category', 2, 'Niet gezien'),
(678, 'seen', 'category', 2, 'Gezien'),
(679, 'absent', 'category', 2, 'Afwezig'),
(680, 'cells', 'category', 2, 'Cellen'),
(681, 'cup', 'category', 2, 'Dop'),
(682, 'emergency', 'category', 2, 'Redcel'),
(683, 'removed_bees_from_frames', 'category', 2, 'Bijen van ramen verwijderd'),
(684, 'left', 'category', 2, 'Behouden'),
(685, 'introduction', 'category', 2, 'Ingevoerd'),
(686, 'original_queen_bee_was_intentionally_removed', 'category', 2, 'Moer was met reden verwijderd'),
(687, 'original_queen_bee_was_missing', 'category', 2, 'Moer vermist'),
(688, 'queen_bee_improvement', 'category', 2, 'Moer verbetering'),
(689, 'drones', 'category', 2, 'Darren'),
(690, 'drones_present', 'category', 2, 'Darren aanwezig'),
(691, 'frames_with_drone_cells', 'category', 2, 'Ramen met darrenbroed'),
(692, 'uniting_colonies', 'category', 2, 'Volken samenvoegen'),
(693, 'colony_id%27s', 'category', 2, 'Bijnvolk IDs'),
(694, 'bees_added', 'category', 2, 'Bijen toegevoegd'),
(695, 'weight', 'category', 2, 'Gewicht'),
(696, 'loss', 'category', 2, 'Verlies'),
(697, 'colony', 'category', 2, 'Bijenvolk'),
(698, 'bees', 'category', 2, 'Bijen'),
(699, 'count_of_dead_bees', 'category', 2, 'Aantal dode bijen'),
(700, 'in_hive', 'category', 2, 'In kast'),
(701, 'below_hive', 'category', 2, 'Onder kast'),
(702, 'in_front_of_hive', 'category', 2, 'Voor de kast'),
(703, 'elsewhere', 'category', 2, 'Elders'),
(704, 'removal', 'category', 2, 'Verwijdering'),
(705, 'food', 'category', 2, 'Voedsel'),
(706, 'feeding', 'category', 2, 'Bijvoeren'),
(707, 'type_of_food', 'category', 2, 'Type voedsel'),
(708, 'honey_frame%28s%29_with_honey', 'category', 2, 'Ramen met honing'),
(709, 'frame%28s%29_with_nectar_', 'category', 2, 'Ramen met nectar'),
(710, 'pollen_substitute', 'category', 2, 'Kunstmatig stuifmeel'),
(711, 'amount', 'category', 2, 'Hoeveelheid'),
(712, 'ratio', 'category', 2, 'Ratio'),
(713, 'feeding_date', 'category', 2, 'Voerdatum'),
(714, 'storage', 'category', 2, 'Opslag'),
(715, 'nectar', 'category', 2, 'Nectar'),
(716, 'bee_bread', 'category', 2, 'Bijenbrood'),
(717, 'forage', 'category', 2, 'Dracht'),
(718, 'source', 'category', 2, 'Oorsprong'),
(719, 'primary', 'category', 2, 'Primair'),
(720, 'secondary', 'category', 2, 'Secundair'),
(721, 'flowering_period', 'category', 2, 'Bloeiperiode'),
(722, 'date_range', 'category', 2, 'Periode'),
(723, 'water', 'category', 2, 'Water'),
(724, 'availability', 'category', 2, 'Beschikbaarheid'),
(725, 'varroa_mite_count', 'category', 2, 'Varroamijten telling'),
(726, 'counting_method', 'category', 2, 'Telmethode'),
(727, 'insects', 'category', 2, 'Insecten'),
(728, 'wax_moths', 'category', 2, 'Wasmotten'),
(729, 'ants', 'category', 2, 'Mieren'),
(730, 'wasps', 'category', 2, 'Wespen'),
(731, 'hornets', 'category', 2, 'Horenaars'),
(732, 'asian_hornets', 'category', 2, 'Aziatische horenaars'),
(733, 'european_hornets', 'category', 2, 'Europese horenaars'),
(734, 'reptiles', 'category', 2, 'Reptielen'),
(735, 'birds', 'category', 2, 'Vogels'),
(736, 'mammals', 'category', 2, 'Zoogdieren'),
(737, 'mice', 'category', 2, 'Muizen'),
(738, 'bear%28s%29', 'category', 2, 'Beer'),
(739, 'other', 'category', 2, 'Andere'),
(740, 'overheated_bees', 'category', 2, 'Oververhitte bijen'),
(741, 'pesticide_losses', 'category', 2, 'Spuitschade'),
(742, 'queenlessness_and_laying_workers', 'category', 2, 'Moerloos en leggede werksters'),
(743, 'starvation', 'category', 2, 'Verhongering'),
(744, 'mold', 'category', 2, 'Schimmel'),
(745, 'robbing', 'category', 2, 'Voedselroof'),
(746, 'vandalism', 'category', 2, 'Vandalisme'),
(747, 'bee_lice', 'category', 2, 'Bijnluizen'),
(748, 'drone-laying_queen', 'category', 2, 'Darren leggende moer'),
(749, 'severity', 'category', 2, 'Ernst'),
(750, 'diagnosis', 'category', 2, 'Diagnose'),
(751, 'by_beekeeper', 'category', 2, 'Door imker'),
(752, 'by_laboratory', 'category', 2, 'Door laboratorium'),
(753, 'varroa_treatment', 'category', 2, 'Varroa behandeling'),
(754, 'medication', 'category', 2, 'Medicatie'),
(755, 'treatment_date', 'category', 2, 'Datum behandeling'),
(756, 'result', 'category', 2, 'Resultaat'),
(757, 'no_effect', 'category', 2, 'Geen effect'),
(758, 'some_effect', 'category', 2, 'Een beetje effect'),
(759, 'good_effect', 'category', 2, 'Goed resultaat'),
(760, 'full_effect', 'category', 2, 'Volledig verholpen'),
(761, 'parameter', 'category', 2, 'Parameter'),
(762, 'hive_weight', 'category', 2, 'Gewicht kast'),
(763, 'temperature', 'category', 2, 'Temperatuur'),
(764, 'sound', 'category', 2, 'Geluid'),
(765, 'sound_level', 'category', 2, 'Geluidsniveau'),
(766, 'audio_spectrum', 'category', 2, 'Audio spectrum'),
(767, 'flight_activity', 'category', 2, 'Vliegactiviteit'),
(768, 'humidity', 'category', 2, 'Luchtvochtigheid'),
(769, 'cloud_cover', 'category', 2, 'Wolken'),
(770, 'clear', 'category', 2, 'Helder'),
(771, 'some_clouds', 'category', 2, 'Lichte bewolking'),
(772, 'heavy_clouds', 'category', 2, 'Zware bewolking'),
(773, 'wind', 'category', 2, 'Wind'),
(774, 'precipitation', 'category', 2, 'Neerslag'),
(775, 'none', 'category', 2, 'Geen'),
(776, 'some', 'category', 2, 'Een beetje'),
(777, 'heavy', 'category', 2, 'Zwaar'),
(778, 'atmospheric_pressure', 'category', 2, 'Luchtdruk'),
(779, 'data', 'category', 2, 'Data'),
(780, 'in_and_around_hive', 'category', 2, 'In en rond de kast'),
(781, 'in_brood', 'category', 2, 'In het broed'),
(782, 'not_in_brood_', 'category', 2, 'Niet in het broed'),
(783, 'above_hive', 'category', 2, 'Boven de kast'),
(784, 'entrance', 'category', 2, 'Ingang'),
(785, 'outside', 'category', 2, 'Buiten'),
(786, 'inside', 'category', 2, 'Binnen'),
(787, 'the_greater_wax_moths', 'category', 2, 'Grote wasmot'),
(788, 'small_hive_beetles', 'category', 2, 'Kleine wasmot'),
(789, 'vertebrates', 'category', 2, 'Vertebraten'),
(790, 'american_foulbrood', 'category', 2, 'Amerikaans vuilbroed'),
(791, 'european_foulbrood', 'category', 2, 'Europees vuilbroed'),
(792, 'viral_diseases', 'category', 2, 'Virussen'),
(793, 'chronic_bee_paralysis_virus', 'category', 2, 'Chronische paralysevirus'),
(794, 'acute_bee_paralysis_virus', 'category', 2, 'Acute paralysevirus'),
(795, 'sacbrood_virus', 'category', 2, 'Zakbroed'),
(796, 'deformed_wing_virus', 'category', 2, 'Vleugeldeformatievirus'),
(797, 'chalkbrood', 'category', 2, 'Kalkbroed'),
(798, 'nosema', 'category', 2, 'Nosema'),
(799, 'nosema_apis', 'category', 2, 'Nosema apis'),
(800, 'nosema_ceranae', 'category', 2, 'Nosema ceranae'),
(801, 'amoeba_disease', 'category', 2, 'Amoebenziekte'),
(802, 'tracheal_mites', 'category', 2, 'Tracheenmijt'),
(803, 'colony_collapse_disorder', 'category', 2, 'Verdwijnziekte (CCD)'),
(804, 'the_lesser_wax_moths', 'category', 2, 'Kleine wasmot'),
(805, 'amphibians', 'category', 2, 'Amfibin'),
(806, 'badgers', 'category', 2, 'Dassen'),
(807, 'spotty_brood', 'category', 2, 'Hagelschot'),
(808, 'disorder_resolved', 'category', 2, 'Aandoening verholpen'),
(809, 'skep', 'category', 2, 'Bijenkorf'),
(810, 'bee_gum', 'category', 2, 'Kloskorf'),
(811, 'decoy_hive', 'category', 2, 'Lokkast'),
(812, 'einraumbeute', 'category', 2, 'Duitse einraumbeute'),
(813, 'feeding_unit', 'category', 2, 'Voerbak'),
(814, 'entrance_reducer', 'category', 2, 'Vlieggat verkleiner'),
(815, 'entrance_grill', 'category', 2, 'Muizenrooster'),
(816, 'frame_with_drawn_comb', 'category', 2, 'Raam met uitgebouwd raat'),
(817, 'package', 'category', 2, 'Pakketbijen'),
(818, 'reared', 'category', 2, 'Gefokt'),
(819, 'supersedure', 'category', 2, 'Redcel'),
(820, 'prolificness', 'category', 2, 'Vruchtbaarheid'),
(821, 'supercedure', 'category', 2, 'Redcel'),
(822, 'queen_cage', 'category', 2, 'invoerkooitje'),
(823, 'inverted_beet_sugar_syrup', 'category', 2, 'Invert bietensuiker siroop'),
(824, 'high_fructose_corn_syrup_%28hfcs%29', 'category', 2, 'High Fructose Corn Syrup (HFCS)'),
(825, 'beet_sugar', 'category', 2, 'Bietensuiker'),
(826, 'play_flight', 'category', 2, 'Orinteringsvluchten'),
(827, 'foraging', 'category', 2, 'Fourageren'),
(828, 'bee_packages', 'category', 2, 'Pakketbijen'),
(829, 'comb_calmness', 'category', 2, 'Raatvastheid'),
(830, 'spring_buildup', 'category', 2, 'Voorjaarsontwikkeling'),
(831, 'demareeing', 'category', 2, 'Demaree methode'),
(832, 'queen_includer', 'category', 2, 'Moerrooster'),
(833, 'pattern_consistency', 'category', 2, 'Kwaliteit gesloten broed'),
(834, 'hygiene', 'category', 2, 'Hygine'),
(835, 'list_score', 'category', 2, 'Lijst'),
(836, 'poor_1', 'category', 2, 'Slecht'),
(837, 'fair_2', 'category', 2, 'Matig'),
(838, 'good_3', 'category', 2, 'Goed'),
(839, 'excellent_4', 'category', 2, 'Uitstekend'),
(840, 'disease_resistence', 'category', 2, 'Ziekte resistentie'),
(841, 'hygienic_behaviour', 'category', 2, 'Hygienisch gedrag'),
(842, 'pin_test', 'category', 2, 'Pin test'),
(843, 'score_%28%25%29', 'category', 2, 'Score (%)'),
(844, 'varroa_sensitive_hygiene_%28vsh%29', 'category', 2, 'Varroa Sensitief Hygine (VSH) gedrag'),
(845, 'foul', 'category', 2, 'Vies'),
(846, 'species', 'category', 2, 'Species'),
(847, 'genus', 'category', 2, 'Genus'),
(848, 'western_honey_bee', 'category', 2, 'Westerse honingbij'),
(849, 'breeding_line', 'category', 2, 'Foklijn'),
(850, 'disorder', 'category', 2, 'Aandoening'),
(851, 'microbial_diseases', 'category', 2, 'Microbile ziekten'),
(852, 'bacterial_diseases', 'category', 2, 'Bacterile ziekten'),
(853, 'cripaviridae', 'category', 2, 'Cripaviridae'),
(854, 'dicistroviridae', 'category', 2, 'Dicistroviridae'),
(855, 'israeli_acute_paralysis_virus', 'category', 2, 'Israeli acute paralysis virus'),
(856, 'kashmir_bee_virus', 'category', 2, 'Kashmir bee virus'),
(857, 'black_queen_cell_virus', 'category', 2, 'Black queen cell virus'),
(858, 'cloudy_wing_virus', 'category', 2, 'Cloudy wing virus'),
(859, 'iflaviridae', 'category', 2, 'Iflaviridae'),
(860, 'kakugo_virus', 'category', 2, 'Kakugo virus'),
(861, 'iridoviridae', 'category', 2, 'Iridoviridae'),
(862, 'invertebrate_iridescent_virus_type_6', 'category', 2, 'Invertebrate iridescent virus type 6'),
(863, 'secoviridae', 'category', 2, 'Secoviridae'),
(864, 'tobacco_ringspot_virus', 'category', 2, 'Tobacco ringspot virus'),
(865, 'lake_sinai_virus', 'category', 2, 'Lake Sinai virus'),
(866, 'fungal_diseases', 'category', 2, 'Schimmel ziekten'),
(867, 'stonebrood', 'category', 2, 'Steenbroed'),
(868, 'protozoan_diseases', 'category', 2, 'Protozoan ziekten'),
(869, 'parasitic_bee_mites', 'category', 2, 'Parasitaire bijenmijten'),
(870, 'tropilaelaps_mites', 'category', 2, 'Tropilaelaps mijten'),
(871, 'longitude', 'category', 1, 'Longitude'),
(872, 'longitude', 'category', 2, 'Lengtegraad (longitude)'),
(873, 'percentage_replaced', 'category', 1, '% replaced'),
(874, 'percentage_replaced', 'category', 2, '% vervangen'),
(875, 'purpose', 'category', 1, 'Purpose'),
(876, 'purpose', 'category', 2, 'Doel'),
(877, 'laboratory _test_result', 'category', 1, 'Laboratory test result'),
(878, 'laboratory _test_result', 'category', 2, 'Laboratorium test resultaat'),
(879, 'laboratory_test', 'category', 1, 'Laboratory test'),
(880, 'laboratory_test', 'category', 2, 'Laboratorium test'),
(881, 'Test_name', 'category', 1, 'Test name'),
(882, 'Test_name', 'category', 2, 'Naam test'),
(883, 'stock', 'category', 1, 'Stock'),
(884, 'stock', 'category', 2, 'Voorraad'),
(885, 'water_availability', 'category', 1, 'Water availability'),
(886, 'water_availability', 'category', 2, 'Water aanwezig'),
(887, 'golzbeute', 'category', 1, 'Golzbeute'),
(888, 'golzbeute', 'category', 2, 'Golzkast'),
(889, 'empty_cells', 'category', 1, 'Empty cells'),
(890, 'empty_cells', 'category', 2, 'Lege cellen'),
(891, 'pin_test_score', 'category', 1, 'Pin test score'),
(892, 'pin_test_score', 'category', 2, 'Pin test score'),
(893, 'varroa_sensitive_hygiene', 'category', 1, 'Varroa sensitive hygiene (VSH)'),
(894, 'varroa_sensitive_hygiene', 'category', 2, 'Varroa Sensitief Hygine (VSH) gedrag'),
(895, 'colony_ids', 'category', 1, 'Colony ID\'s'),
(896, 'colony_ids', 'category', 2, 'Bijnvolk IDs'),
(897, 'bears', 'category', 1, 'Bear(s)'),
(898, 'bears', 'category', 2, 'Beer'),
(899, 'frames_with_nectar', 'category', 1, 'Frame(s) with nectar'),
(900, 'frames_with_nectar', 'category', 2, 'Ramen met nectar'),
(901, 'high_fructose_corn_syrup', 'category', 1, 'High Fructose Corn Syrup (HFCS)'),
(902, 'high_fructose_corn_syrup', 'category', 2, 'High Fructose Corn Syrup (HFCS)'),
(903, 'frames_with_honey', 'category', 1, 'Honey frame(s) with honey'),
(904, 'frames_with_honey', 'category', 2, 'Ramen met honing'),
(905, 'warre', 'category', 1, 'Warr'),
(906, 'warre', 'category', 2, 'Warr'),
(907, 'capped_brood', 'category', 1, 'Capped brood'),
(908, 'capped_brood', 'category', 2, 'Gesloten broed'),
(909, 'larvae', 'category', 1, 'Larvae'),
(910, 'larvae', 'category', 2, 'Larven'),
(911, 'pupae', 'category', 1, 'Pupae'),
(912, 'pupae', 'category', 2, 'Poppen'),
(913, 'total number', 'category', 1, 'Total number'),
(914, 'total number', 'category', 2, 'Totaal aantal'),
(915, 'total_number', 'category', 1, 'Total number'),
(916, 'total_number', 'category', 2, 'Totaal aantal'),
(917, 'subspecies', 'category', 1, 'Subspecies'),
(918, 'subspecies', 'category', 2, 'Ondersoort'),
(919, 'bacterial', 'category', 1, 'Bacterial'),
(920, 'bacterial', 'category', 2, 'Bacterile'),
(921, 'fungal', 'category', 1, 'Fungal'),
(922, 'fungal', 'category', 2, 'Schimmels'),
(923, 'protozoan', 'category', 1, 'Protozoan'),
(924, 'protozoan', 'category', 2, 'Protozoan'),
(925, 'viral', 'category', 1, 'Viral'),
(926, 'viral', 'category', 2, 'Virussen'),
(927, 'formic_acid', 'category', 1, 'Formic acid'),
(928, 'cutting_out_queen_cells', 'category', 2, 'Moercellen verwijderen'),
(929, 'chilled_brood', 'category', 2, 'Onderkoeld'),
(930, 'solar_radiation', 'category', 2, 'Zonnestraling'),
(931, 'apitoxin', 'category', 2, 'Bijengif'),
(932, '(news)paper method', 'category', 2, 'Krantenmethode'),
(933, 'natural_fall', 'category', 2, 'Gevallen mijten'),
(934, 'not_in_brood', 'category', 2, 'buiten het broed'),
(935, 'returning_per_minute', 'category', 2, 'inkomende bijen per minuut'),
(936, 'chemical', 'category', 2, 'chemisch'),
(937, 'non_chemical', 'category', 2, 'niet chemisch'),
(938, 'brood_interruption', 'category', 2, 'broed onderbreking'),
(939, 'reminder', 'category', 2, 'Herinnnering'),
(940, 'notification_date', 'category', 2, 'Datum'),
(941, 'overall_impression', 'category', 2, 'Algemene indruk'),
(942, 'notes', 'category', 2, 'Notitie'),
(943, 'colony_loss', 'category', 2, 'Dood volk'),
(944, 'size', 'category', 2, 'Grootte'),
(945, 'streets_with_bees', 'category', 2, 'Straatjes met bijen'),
(946, 'splitting_colony', 'category', 2, 'Volk splitsen'),
(947, 'sucrose_solution', 'category', 2, 'Suikeroplossing'),
(948, 'zander', 'category', 2, 'Zander'),
(949, 'queen_rearing', 'category', 2, 'Koninginneteelt'),
(950, 'test_result', 'category', 2, 'test uislag'),
(951, 'score', 'category', 2, 'Score'),
(952, 'concentration', 'category', 2, 'Concentratie'),
(953, 'frame_with_honey_left', 'category', 2, 'Overgebleven ramen met honing'),
(954, 'apistan', 'category', 2, 'Apistan'),
(955, 'oxalic_acid', 'category', 2, 'Oxaalzuur'),
(956, 'hive_layer', 'category', 2, 'Laag'),
(957, 'hive_frame', 'category', 2, 'Raam'),
(958, 'block', 'category', 2, 'Vulblok'),
(959, 'nucs', 'category', 2, 'Kernvolk'),
(960, 'inspection_drone_brood', 'category', 2, 'Inspectie darrenbroed'),
(961, 'mites_per_frame', 'category', 2, 'mijten per raam'),
(962, 'dislodged_sugar', 'category', 2, 'Suiker methode'),
(963, 'dislodged_alcohol', 'category', 2, 'Alcohol methode'),
(964, 'dislodged_soapy_water', 'category', 2, 'Zeepwater methode'),
(965, 'count', 'category', 2, 'Telling'),
(966, 'days', 'category', 2, 'Dagen'),
(967, 'mites_per_100_bees', 'category', 2, 'Mijten per 100 bijen'),
(968, 'plenty', 'category', 2, 'Ruim voldoende'),
(969, 'lactic_acid', 'category', 2, 'Melkzuur'),
(970, 'colony_split', 'category', 2, 'Volk gesplitst'),
(971, 'formic_acid', 'category', 2, 'Mierenzuur'),
(972, 'powdered_sugar', 'category', 2, 'Poedersuiker'),
(973, 'app', 'category', 2, 'App'),
(974, '(news)paper method', 'category', 1, 'Newspaper method'),
(975, 'natural_fall', 'category', 1, 'Natural fall'),
(976, 'inspection_drone_brood', 'category', 1, 'Inspection drone brood'),
(977, 'mites_per_frame', 'category', 1, 'Mites per frame'),
(978, 'dislodged_sugar', 'category', 1, 'Dislodged sugar method'),
(979, 'dislodged_alcohol', 'category', 1, 'Dislodged alcohol method'),
(980, 'dislodged_soapy_water', 'category', 1, 'Dislodged soapy water method'),
(981, 'count', 'category', 1, 'Count'),
(982, 'days', 'category', 1, 'Days'),
(983, 'mites_per_100_bees', 'category', 1, 'Mites per 100 bees'),
(984, 'plenty', 'category', 1, 'Plenty'),
(985, 'not_in_brood', 'category', 1, 'Outside brood'),
(986, 'returning_per_minute', 'category', 1, 'Incoming bees per minute'),
(987, 'chemical', 'category', 1, 'Chemical'),
(988, 'non_chemical', 'category', 1, 'Non chemical'),
(989, 'lactic_acid', 'category', 1, 'Lactic acid'),
(990, 'brood_interruption', 'category', 1, 'Brood interruption'),
(991, 'reminder', 'category', 1, 'Reminder'),
(992, 'notification_date', 'category', 1, 'Date'),
(993, 'overall_impression', 'category', 1, 'Overall impression'),
(994, 'notes', 'category', 1, 'Note'),
(995, 'colony_loss', 'category', 1, 'Colony loss'),
(996, 'size', 'category', 1, 'Size'),
(997, 'streets_with_bees', 'category', 1, 'Streets with bees'),
(998, 'splitting_colony', 'category', 1, 'Splitting colony'),
(999, 'colony_split', 'category', 1, 'Colony split'),
(1000, 'sucrose_solution', 'category', 1, 'Sucrose solution'),
(1001, 'zander', 'category', 1, 'Zander'),
(1002, 'queen_rearing', 'category', 1, 'Queen rearing'),
(1003, 'test_result', 'category', 1, 'Test result'),
(1004, 'score', 'category', 1, 'Score'),
(1005, 'concentration', 'category', 1, 'Concentration'),
(1006, 'frame_with_honey_left', 'category', 1, 'Frames with honey left'),
(1007, 'apistan', 'category', 1, 'Apistan'),
(1008, 'powdered_sugar', 'category', 1, 'Powered sugar');
INSERT INTO `translations` (`id`, `name`, `type`, `language_id`, `translation`) VALUES
(1009, 'oxalic_acid', 'category', 1, 'Oxalic acid'),
(1010, 'app', 'category', 1, 'App'),
(1011, 'hive_layer', 'category', 1, 'Hive layer'),
(1012, 'hive_frame', 'category', 1, 'Hive frame'),
(1013, 'block', 'category', 1, 'Block'),
(1014, 'colony_united', 'category', 1, 'Colony united'),
(1015, 'colony_united', 'category', 2, 'Volken samengevoegd'),
(1016, 'main_purpose', 'category', 1, 'Main purpose'),
(1017, 'main_purpose', 'category', 2, 'Hoofddoel'),
(1018, 'colony_id_1', 'category', 1, 'Colony name 1'),
(1019, 'colony_id_1', 'category', 2, 'Naam bijenvolk 1'),
(1020, 'hive_id_2', 'category', 1, 'Hive name 2'),
(1021, 'hive_id_2', 'category', 2, 'Naam bijenkast 2'),
(1022, 'hive_name_1', 'category', 1, 'Hive name 1'),
(1023, 'hive_name_1', 'category', 2, 'Naam bijenkast 1'),
(1024, 'start_date', 'category', 1, 'Start date'),
(1025, 'start_date', 'category', 2, 'Start datum'),
(1026, 'end_date', 'category', 1, 'End date'),
(1027, 'end_date', 'category', 2, 'Eind datum'),
(1028, 'varroa_mites', 'category', 1, 'Varroa mites'),
(1029, 'varroa_mites', 'category', 2, 'Varroa mijten'),
(1030, 'weather', 'category', 1, 'Weather'),
(1031, 'weather', 'category', 2, 'Weer'),
(1032, 'ambient_temperature', 'category', 1, 'Ambient temperature'),
(1033, 'ambient_temperature', 'category', 2, 'Omgevingstemperatuur'),
(1034, 'harvest', 'category', 1, 'Harvested'),
(1035, 'harvest', 'category', 2, 'Geoogst'),
(1036, 'essential_oils', 'category', 1, 'Essential oils'),
(1037, 'essential_oils', 'category', 2, 'Essentile olin'),
(1038, 'hiveclean_bienenwohl_beevital', 'category', 1, 'Hiveclean, Bienenwohl or Beevital'),
(1039, 'hiveclean_bienenwohl_beevital', 'category', 2, 'Hiveclean, Bienenwohl of Beevital'),
(1040, 'flumethrin_containing', 'category', 1, 'Flumethrin containing product'),
(1041, 'flumethrin_containing', 'category', 2, 'Flumethrin bevattend product'),
(1042, 'amitraz_containing', 'category', 1, 'Amitraz containing product'),
(1043, 'amitraz_containing', 'category', 2, 'Amitraz bevattend product'),
(1044, 'Tau_fluvalinate_containing', 'category', 1, 'Tau-fluvalinate containing product'),
(1045, 'Tau_fluvalinate_containing', 'category', 2, 'Tau-fluvalinate bevattend product'),
(1046, 'coumaphos_containing', 'category', 1, 'Coumaphos containing product'),
(1047, 'coumaphos_containing', 'category', 2, 'Coumaphos bevattend product'),
(1048, 'thymol_containing', 'category', 1, 'Thymol containing product'),
(1049, 'thymol_containing', 'category', 2, 'Thymol bevattend product'),
(1050, 'drone_brood_removal', 'category', 1, 'Drone brood removal'),
(1051, 'drone_brood_removal', 'category', 2, 'Darrenbroed verwijderen'),
(1052, 'heat_treatment', 'category', 1, 'Heat treatment'),
(1053, 'heat_treatment', 'category', 2, 'Hitte behandeling'),
(1054, 'essential_oil', 'category', 1, 'Essential oil'),
(1055, 'essential_oil', 'category', 2, 'Essentile olie'),
(1056, 'varroa', 'category', 1, 'Varroa'),
(1057, 'varroa', 'category', 2, 'Varroa'),
(1058, 'remedy', 'category', 1, 'Remedy'),
(1059, 'remedy', 'category', 2, '(Genees) middel'),
(1060, 'beeswax', 'category', 1, 'Beeswax'),
(1061, 'beeswax', 'category', 2, 'Bijenwas'),
(1062, 'unmarked', 'category', 1, 'Unmarked'),
(1063, 'unmarked', 'category', 2, 'Niet gemerkt'),
(1064, 'fondant', 'category', 1, 'Fondant'),
(1065, 'fondant', 'category', 2, 'Fondant (suikerdeeg)'),
(1066, 'miniplus', 'category', 1, 'Miniplus'),
(1067, 'miniplus', 'category', 2, 'Miniplus'),
(1068, 'nucleus_box', 'category', 1, 'Nucleus box (6 frames)'),
(1069, 'nucleus_box', 'category', 2, 'Zesramer'),
(1070, 'three_frames', 'category', 1, 'Three frames'),
(1071, 'three_frames', 'category', 2, 'Drieramer'),
(1072, 'surface_covered', 'category', 1, 'Surface covered'),
(1073, 'surface_covered', 'category', 2, 'Oppervlakte belegd'),
(1074, 'digit', 'category', 1, 'Number'),
(1075, 'digit', 'category', 2, 'Nummer'),
(1076, 'queen', 'category', 1, 'Queen'),
(1077, 'queen', 'category', 2, 'Moer'),
(1078, 'swarmed', 'category', 1, 'Swarmed'),
(1079, 'swarmed', 'category', 2, 'Gezwermd'),
(1080, 'dead_bees', 'category', 1, 'Dead Bees'),
(1081, 'dead_bees', 'category', 2, 'Dode bijen'),
(1082, 'worker_bees', 'category', 1, 'Worker bees'),
(1083, 'worker_bees', 'category', 2, 'Werksters'),
(1084, 'water_quality', 'category', 1, 'Water quality'),
(1085, 'water_quality', 'category', 2, 'Water kwaliteit'),
(1086, 'main_source', 'category', 1, 'Main source'),
(1087, 'main_source', 'category', 2, 'Hoofddracht'),
(1088, 'effect', 'category', 1, 'Effect'),
(1089, 'effect', 'category', 2, 'Effect'),
(1090, 'number_of_mites', 'category', 1, 'Number of mites'),
(1091, 'number_of_mites', 'category', 2, 'Aantal mijten'),
(1092, 'per_day', 'category', 1, 'Mite fall per day'),
(1093, 'per_day', 'category', 2, 'Mijten gevallen per dag'),
(1094, 'propolis_use', 'category', 1, 'Propolis use'),
(1095, 'propolis_use', 'category', 2, 'Propolis gebruik'),
(1096, 'amount_litres', 'category', 1, 'Amount'),
(1097, 'amount_litres', 'category', 2, 'Hoeveelheid'),
(1098, 'amount_grams', 'category', 1, 'Amount'),
(1099, 'amount_grams', 'category', 2, 'Hoeveelheid'),
(1100, 'removed_all', 'category', 1, 'Removed all'),
(1101, 'removed_all', 'category', 2, 'Alle verwijderd'),
(1102, 'comb_building', 'category', 1, 'Comb building'),
(1103, 'comb_building', 'category', 2, 'Raatbouw'),
(1104, 'marked', 'category', 1, 'Marked'),
(1105, 'marked', 'category', 2, 'Gemerkt'),
(1106, 'african', 'category', 1, 'African (Apis mellifera scutellata)'),
(1107, 'african', 'category', 2, 'Afrikaans (Apis mellifera scutellata)'),
(1108, 'africanized', 'category', 1, 'Africanized (hybrid)'),
(1109, 'africanized', 'category', 2, 'Geafrikaniseerd (hybride)'),
(1110, 'asiatic', 'category', 1, 'Asiatic (Apis cerana)'),
(1111, 'asiatic', 'category', 2, 'Aziatisch (Apis cerana)'),
(1112, 'buckfast', 'category', 1, 'Buckfast (Apis mellifera adami)'),
(1113, 'buckfast', 'category', 2, 'Buckfast (Apis mellifera adami)'),
(1114, 'carnica', 'category', 1, 'Carnica (Apis mellifera carnica)'),
(1115, 'carnica', 'category', 2, 'Carnica (Apis mellifera carnica)'),
(1116, 'caucasica', 'category', 1, 'Caucasian (Apis mellifera caucasica)'),
(1117, 'caucasica', 'category', 2, 'Kaukasisch (Apis mellifera caucasica)'),
(1118, 'european_dark', 'category', 1, 'European dark (Apis mellifera mellifera)'),
(1119, 'european_dark', 'category', 2, 'Europese donkere (Apis mellifera mellifera)'),
(1120, 'hybrid', 'category', 1, 'Hybrid'),
(1121, 'hybrid', 'category', 2, 'Hybride'),
(1122, 'italian', 'category', 1, 'Italian (Apis mellifera ligustica)'),
(1123, 'italian', 'category', 2, 'Italiaans (Apis mellifera ligustica)'),
(1124, 'koschevnikovi', 'category', 1, 'Koschevnikovi (Apis koschevnikovi)'),
(1125, 'koschevnikovi', 'category', 2, 'Koschevnikovi (Apis koschevnikovi)'),
(1126, 'unit', 'category', 1, 'Unit'),
(1127, 'unit', 'category', 2, 'Eenheid'),
(1128, 'in_drone_brood', 'category', 1, 'In drone brood'),
(1129, 'in_drone_brood', 'category', 2, 'In darrenbroed'),
(1130, 'apidea', 'category', 1, 'Apidea'),
(1131, 'apidea', 'category', 2, 'Apidea'),
(1132, 'moveable', 'category', 1, 'Moveable'),
(1133, 'moveable', 'category', 2, 'Verplaatsbaar'),
(1134, 'client', 'category', 1, 'Client'),
(1135, 'client', 'category', 2, 'Klant'),
(1136, 'fixed', 'category', 1, 'Fixed'),
(1137, 'fixed', 'category', 2, 'Vast'),
(1138, 'temporary', 'category', 1, 'Temporary'),
(1139, 'temporary', 'category', 2, 'Tijdelijk'),
(1140, 'beep', 'category', 1, 'Beep'),
(1141, 'beep', 'category', 2, 'Beep'),
(1142, 'hiveeyes', 'category', 1, 'Hiveeyes'),
(1143, 'hiveeyes', 'category', 2, 'Hiveeyes'),
(1144, 'amount_removed', 'category', 1, 'Removed'),
(1145, 'amount_removed', 'category', 2, 'Verwijderd'),
(1146, 'hive_name', 'category', 1, 'Hive name united with'),
(1147, 'hive_name', 'category', 2, 'Naam bijenkast waarmee samengevoegd is'),
(1148, 'united_hive_name', 'category', 1, 'Hive united with'),
(1149, 'united_hive_name', 'category', 2, 'Bijenkast waarmee samengevoegd is'),
(1150, 'amount_volume', 'category', 1, 'Amount (volume)'),
(1151, 'amount_volume', 'category', 2, 'Hoeveelheid (volume)'),
(1152, 'amount_weight', 'category', 1, 'Amount (weight)'),
(1153, 'amount_weight', 'category', 2, 'Hoeveelheid (gewicht)'),
(1154, 'queen_cup', 'category', 1, 'Queen cup'),
(1155, 'queen_cup', 'category', 2, 'Speeldop'),
(1156, 'swarm_cell', 'category', 1, 'Swarm cell'),
(1157, 'swarm_cell', 'category', 2, 'Zwermcel'),
(1158, 'supercedure_cell', 'category', 1, 'Supercedure cell'),
(1159, 'supercedure_cell', 'category', 2, 'Wisselcel'),
(1160, 'drone_brood_frame', 'category', 1, 'Drone brood frame'),
(1161, 'drone_brood_frame', 'category', 2, 'Darrenraam'),
(1162, 'no_brood', 'category', 1, 'No brood'),
(1163, 'no_brood', 'category', 2, 'Geen broed'),
(1164, 'brood_removed', 'category', 1, 'Brood removed'),
(1165, 'brood_removed', 'category', 2, 'Broed verwijderd'),
(1166, 'drone_brood_present', 'category', 1, 'Drone brood present'),
(1167, 'drone_brood_present', 'category', 2, 'Darrenbroed aanwezig'),
(1168, 'mating_hive', 'category', 1, 'Mating'),
(1169, 'mating_hive', 'category', 2, 'Bevruchting'),
(1170, 'honey_frames', 'category', 1, 'Honey frames'),
(1171, 'honey_frames', 'category', 2, 'Honingramen'),
(1172, 'varroa_count', 'category', 1, 'Varroa count'),
(1173, 'varroa_count', 'category', 2, 'Varroa telling'),
(1174, 'foundationless_frame', 'category', 1, 'Foundationless frame'),
(1175, 'foundationless_frame', 'category', 2, 'Bouwraam'),
(1176, 'empty', 'category', 1, 'Empty'),
(1177, 'empty', 'category', 2, 'Leeg'),
(1178, 'comb_only', 'category', 1, 'Empty comb'),
(1179, 'comb_only', 'category', 2, 'Leeg raat'),
(1180, 'no_comb', 'category', 1, 'No comb'),
(1181, 'no_comb', 'category', 2, 'Geen raat'),
(1182, 'comb_replaced', 'category', 1, 'Comb replaced'),
(1183, 'comb_replaced', 'category', 2, 'Raat vervangen'),
(1184, 'deutsch_normalmass', 'category', 1, 'Deutsch-Normalma'),
(1185, 'deutsch_normalmass', 'category', 2, 'Deutsch-Normalma'),
(1186, 'apiary', 'category', 3, 'Bienenstand'),
(1187, 'name', 'category', 3, 'Name'),
(1188, 'location', 'category', 3, 'Ort'),
(1189, 'number_of_bee_colonies', 'category', 3, 'Anzahl an Bienenvlkern'),
(1190, 'orientation', 'category', 3, 'Orientierung'),
(1191, 'north', 'category', 3, 'Nord'),
(1192, 'northeast', 'category', 3, 'Nordost'),
(1193, 'east', 'category', 3, 'Ost'),
(1194, 'southeast', 'category', 3, 'Sdost'),
(1195, 'south', 'category', 3, 'Sd'),
(1196, 'southwest', 'category', 3, 'Sdwest'),
(1197, 'west', 'category', 3, 'West'),
(1198, 'northwest', 'category', 3, 'Nordwest'),
(1199, 'various', 'category', 3, 'Verschiedene'),
(1200, 'status', 'category', 3, 'Status'),
(1201, 'active', 'category', 3, 'Aktiv'),
(1202, 'photo', 'category', 3, 'Foto'),
(1203, 'hive', 'category', 3, 'Beute'),
(1204, 'id', 'category', 3, 'ID'),
(1205, 'barcode', 'category', 3, 'Barcode'),
(1206, 'type', 'category', 3, 'Typ'),
(1207, 'traditional', 'category', 3, 'Traditionell'),
(1208, 'modern', 'category', 3, 'Modern'),
(1209, 'segeberger', 'category', 3, 'Segeberger'),
(1210, 'dadant', 'category', 3, 'Dadant'),
(1211, 'langstroth', 'category', 3, 'Langstroth'),
(1212, 'top-bar', 'category', 3, 'Topbar'),
(1213, 'flow_hive', 'category', 3, 'Flowhive'),
(1214, 'beehaus', 'category', 3, 'Bienenhaus'),
(1215, 'warre', 'category', 3, 'Warr'),
(1216, 'einraumbeute', 'category', 3, 'Einraumbeute'),
(1217, 'custom', 'category', 3, 'Normal'),
(1218, 'frame_size', 'category', 3, 'Rhmchengre'),
(1219, 'wide', 'category', 3, 'Breit'),
(1220, 'long', 'category', 3, 'Lang'),
(1221, 'space', 'category', 3, 'Platz'),
(1222, 'too_little', 'category', 3, 'zu klein'),
(1223, 'just_right', 'category', 3, 'Genau richtig'),
(1224, 'too_much', 'category', 3, 'zu viel'),
(1225, 'unoccupied_frames', 'category', 3, 'Leere Rhmchen'),
(1226, 'brood_frames', 'category', 3, 'Brutwaben'),
(1227, 'configuration', 'category', 3, 'Konfiguration'),
(1228, 'brood_layers', 'category', 3, 'Brutzargen'),
(1229, 'frames_per_layer', 'category', 3, 'Rhmchen pro Zarge'),
(1230, 'component', 'category', 3, 'Komponente'),
(1231, 'brood_chamber', 'category', 3, 'Brutkammer'),
(1232, 'super', 'category', 3, 'Super'),
(1233, 'feeding_unit', 'category', 3, 'Futtereinheit'),
(1234, 'entrance_reducer', 'category', 3, 'Fluglochverkleinerung'),
(1235, 'empty_frame', 'category', 3, 'Leeres Rhmchen'),
(1236, 'honey_frame', 'category', 3, 'Honigwabe'),
(1237, 'nectar_frame', 'category', 3, 'Nektarwabe'),
(1238, 'pollen_frame', 'category', 3, 'Pollenwabe'),
(1239, 'brood_frame', 'category', 3, 'Brutwabe'),
(1240, 'drone_comb', 'category', 3, 'Drohnenrhmchen'),
(1241, 'colour', 'category', 3, 'Farbe'),
(1242, 'action', 'category', 3, 'Aktion'),
(1243, 'added', 'category', 3, 'hinzugefgt'),
(1244, 'removed', 'category', 3, 'entfernt'),
(1245, 'cleaned', 'category', 3, 'gesubert'),
(1246, 'repaired', 'category', 3, 'repariert'),
(1247, 'replaced', 'category', 3, 'ersetzt'),
(1248, 'reason', 'category', 3, 'Hauptgrund'),
(1249, 'honey_production', 'category', 3, 'Honigproduktion'),
(1250, 'activity', 'category', 3, 'Aktivitt'),
(1251, 'sanitation_flight_date', 'category', 3, 'Datum des Reinigungsfluges'),
(1252, 'number_of_swarms', 'category', 3, 'Anzahl der Schwrme'),
(1253, 'swarmed', 'category', 3, 'geschwrmt'),
(1254, 'honey', 'category', 3, 'Honig'),
(1255, 'pollen', 'category', 3, 'Pollen'),
(1256, 'royal_jelly', 'category', 3, 'Gelee Royal'),
(1257, 'queens', 'category', 3, 'Kniginnen'),
(1258, 'propolis', 'category', 3, 'Propolis'),
(1259, 'wax', 'category', 3, 'Wachs'),
(1260, 'training', 'category', 3, 'Training'),
(1261, 'characteristics', 'category', 3, 'Charakteristiken'),
(1262, 'swarm_tendency', 'category', 3, 'Schwarmneigung'),
(1263, 'swarm_prevention', 'category', 3, 'Schwarmverhinderung'),
(1264, 'method', 'category', 3, 'Methode'),
(1265, 'no', 'category', 3, 'Nein'),
(1266, 'naturally', 'category', 3, 'natrlich'),
(1267, 'date', 'category', 3, 'Datum'),
(1268, 'cells', 'category', 3, 'Zellen'),
(1269, 'notes', 'category', 3, 'Anmerkung'),
(1270, 'swarm_cell', 'category', 3, 'Schwarmzellen'),
(1271, 'emergency', 'category', 3, 'Alarm'),
(1272, 'amount_removed', 'category', 3, 'entfernt'),
(1273, 'left', 'category', 3, 'brig'),
(1274, 'introduction', 'category', 3, 'Einfhrung'),
(1275, 'queen_cell', 'category', 3, 'Weiselzelle'),
(1276, 'queen_cage', 'category', 3, 'Kniginnenkfig'),
(1277, 'number', 'category', 3, 'Nummer'),
(1278, 'drones', 'category', 3, 'Drohnen'),
(1279, 'removed_all', 'category', 3, 'Alle entfernt'),
(1280, 'hybrid', 'category', 3, 'Hybrid'),
(1281, 'sensor', 'category', 3, 'Sensor'),
(1282, 'other', 'category', 3, 'andere'),
(1283, 'eggs', 'category', 3, 'Eier'),
(1284, 'drone_brood_present', 'category', 3, 'Drohnenbrut vorhanden'),
(1285, 'larvae', 'category', 3, 'Larven'),
(1286, 'honey_frames', 'category', 3, 'Honigwaben'),
(1287, 'number_of_frames', 'category', 3, 'Anzahl der Rhmchen'),
(1288, 'deutsch_normalmass', 'category', 3, 'Deutsch-Normalma'),
(1289, 'bees_added', 'category', 3, 'Bienen hinzugefgt'),
(1290, 'colony_united', 'category', 3, 'Volk vereinigt'),
(1291, 'water_quality', 'category', 3, 'Wasserqualitt'),
(1292, 'water', 'category', 3, 'Wasser'),
(1293, 'amount', 'category', 3, 'Ertrag'),
(1294, 'result', 'category', 3, 'Ergebnis'),
(1295, 'mud_or_clay', 'category', 3, 'Schlamm oder Lehm'),
(1296, 'simplex', 'category', 3, 'Simplex'),
(1297, 'william_broughton_carr', 'category', 3, 'William Broughton Carr'),
(1298, 'spaarkast', 'category', 3, 'Sparbeute'),
(1299, 'bs_improved_national', 'category', 3, 'BS Improved National'),
(1300, 'commercial', 'category', 3, 'Commercial'),
(1301, 'charles_nash_abbott', 'category', 3, 'Charles Nash Abbott'),
(1302, 'dartington_long_deep', 'category', 3, 'Dartington Long Deep'),
(1303, 'long_box', 'category', 3, 'Langbox'),
(1304, 'perone', 'category', 3, 'Perone'),
(1305, 'kempisch', 'category', 3, 'Kempisch'),
(1306, 'observation_hive', 'category', 3, 'Beobachtungsbeute'),
(1307, 'spacious', 'category', 3, 'Gerumig'),
(1308, 'queen_excluder', 'category', 3, 'Knigin Ausschlusskfig'),
(1309, 'varroa_drawer', 'category', 3, 'Varoaschublade'),
(1310, 'bee_lock', 'category', 3, 'Schloss'),
(1311, 'entrance_grill', 'category', 3, 'Eingangsgrill'),
(1312, 'bee_escape', 'category', 3, 'Bienenflucht'),
(1313, 'bottom_board', 'category', 3, 'Bodenbrett'),
(1314, 'comb_replaced', 'category', 3, 'Kamm ersetzt'),
(1315, 'order_number', 'category', 3, 'Reihenfolge'),
(1316, 'pollination_services', 'category', 3, 'Bestubungsdienste'),
(1317, 'emergency_cell', 'category', 1, 'Emergency cell'),
(1318, 'emergency_cell', 'category', 2, 'Redcel'),
(1319, 'emergency_cell', 'category', 3, 'Alarm'),
(1320, 'remaining_cells', 'category', 1, 'Remaining cells'),
(1321, 'remaining_cells', 'category', 2, 'Resterende cellen'),
(1322, 'amount_removed_cells', 'category', 1, 'Removed cells'),
(1323, 'amount_removed_cells', 'category', 2, 'Verwijderde cellen'),
(1324, 'amount_removed_cells', 'category', 3, 'entfernt'),
(1325, 'origin', 'category', 3, 'Ursprung'),
(1326, 'split', 'category', 3, 'Aufteilung'),
(1327, 'nucleus', 'category', 3, 'Kern'),
(1328, 'package', 'category', 3, 'Verpackung'),
(1329, 'captured_swarm', 'category', 3, 'Gefangener Schwarm'),
(1330, 'bought', 'category', 3, 'Gekauft'),
(1331, 'swarming', 'category', 3, 'Schwrmen'),
(1332, 'foraging', 'category', 3, 'Futtersuche'),
(1333, 'main_purpose', 'category', 3, 'Hauptzweck'),
(1334, 'venom', 'category', 3, 'Gift'),
(1335, 'hive_rental', 'category', 3, 'Beutenmiete'),
(1336, 'temper', 'category', 3, 'Temperament'),
(1337, 'spring_buildup', 'category', 3, 'Frhlingsaufstellung'),
(1338, 'over-wintering_ability', 'category', 3, 'Fhigkeit zur berwinterung'),
(1339, 'cutting_out_queen_cells', 'category', 3, 'Weiselzellen ausschneiden'),
(1340, 'queen_wing_clipping', 'category', 3, 'Flgel der Knigin schneiden'),
(1341, 'brood', 'category', 3, 'Brut'),
(1342, 'frames_with_brood', 'category', 3, 'Rhmchen mit Brut'),
(1343, 'pupae', 'category', 3, 'Puppen'),
(1344, 'empty_cells', 'category', 3, 'Leere Zellen'),
(1345, 'health', 'category', 3, 'Gesundheit'),
(1346, 'hygiene', 'category', 3, 'Hygiene'),
(1347, 'hygienic_behaviour', 'category', 3, 'Putzverhalten'),
(1348, 'propolis_use', 'category', 3, 'Propolis Nutzung'),
(1349, 'queen', 'category', 3, 'Knigin'),
(1350, 'mother', 'category', 3, 'Mutter'),
(1351, 'insects', 'category', 3, 'Insekten'),
(1352, 'wax_moths', 'category', 3, 'Wachsmotten'),
(1353, 'small_hive_beetles', 'category', 3, 'Kleiner Beutenkfer'),
(1354, 'ants', 'category', 3, 'Ameisen'),
(1355, 'wasps', 'category', 3, 'Wespen'),
(1356, 'hornets', 'category', 3, 'Hornissen'),
(1357, 'asian_hornets', 'category', 3, 'Asiatische Hornisse'),
(1358, 'european_hornets', 'category', 3, 'Europische Hornisse'),
(1359, 'reptiles', 'category', 3, 'Reptilien'),
(1360, 'birds', 'category', 3, 'Vgel'),
(1361, 'mice', 'category', 3, 'Muse'),
(1362, 'vandalism', 'category', 3, 'Vandalismus'),
(1363, 'drone-laying_queen', 'category', 3, 'Drohnenmtterchen'),
(1364, 'laboratory_test', 'category', 3, 'Labortest'),
(1365, 'test_name', 'category', 3, 'Testname'),
(1366, 'weather', 'category', 3, 'Wetter'),
(1367, 'weight', 'category', 3, 'Gewicht'),
(1368, 'humidity', 'category', 3, 'Feuchtigkeit'),
(1369, 'clear', 'category', 3, 'Klar'),
(1370, 'some_clouds', 'category', 3, 'Einige Wolken'),
(1371, 'heavy_clouds', 'category', 3, 'Stark bewlkt'),
(1372, 'wind', 'category', 3, 'Wind'),
(1373, 'beekeeper', 'category', 3, 'Imker'),
(1374, 'telephone', 'category', 3, 'Telefon'),
(1375, 'email', 'category', 3, 'Email'),
(1376, 'date_of_birth', 'category', 3, 'Geburtsdatum'),
(1377, 'gender', 'category', 3, 'Geschlecht'),
(1378, 'beekeeper_since', 'category', 3, 'Imker seit'),
(1379, 'year', 'category', 3, 'Jahr'),
(1380, 'beekeeper_id', 'category', 3, 'Imker ID'),
(1381, 'company', 'category', 3, 'Betrieb'),
(1382, 'organic', 'category', 3, 'Organisch'),
(1383, 'conventional', 'category', 3, 'Herkmmlich'),
(1384, 'biodynamic', 'category', 3, 'Biodynamisch'),
(1385, 'natural', 'category', 3, 'Natrlich'),
(1386, 'teacher', 'category', 3, 'Lehrer'),
(1387, 'student', 'category', 3, 'Schler'),
(1388, 'list', 'category', 3, 'Messung'),
(1389, 'production', 'category', 3, 'Produktion'),
(1390, 'beeswax', 'category', 3, 'Bienenwachs'),
(1391, '(news)paper method', 'category', 3, 'Zeitungsmethode'),
(1392, 'in_drone_brood', 'category', 3, 'in Drohnenbrut'),
(1393, 'not_active', 'category', 3, 'Nicht aktiv'),
(1394, 'returning_per_minute', 'category', 3, 'Einfliegende Bienen pro Minute'),
(1395, 'chemical', 'category', 3, 'Chemie'),
(1396, 'non_chemical', 'category', 3, 'Ohne Chemie'),
(1397, 'brood_interruption', 'category', 3, 'Brutpause'),
(1398, 'reminder', 'category', 3, 'Erinnerung'),
(1399, 'notification_date', 'category', 3, 'Datum'),
(1400, 'needs_attention', 'category', 3, 'Braucht Beobachtung'),
(1401, 'overall_impression', 'category', 3, 'Gesamteindruck'),
(1402, 'size', 'category', 3, 'Gre'),
(1403, 'frames_with_bees', 'category', 3, 'Rhmchen mit Bienen'),
(1404, 'zander', 'category', 3, 'Zander'),
(1405, 'golzbeute', 'category', 3, 'Golzbeute'),
(1406, 'test_result', 'category', 3, 'Testergebnis'),
(1407, 'concentration', 'category', 3, 'Konzentration'),
(1408, 'main_source', 'category', 3, 'Hauptquelle'),
(1409, 'bacterial', 'category', 3, 'Bakteriell'),
(1410, 'american_foulbrood', 'category', 3, 'Amerikanische Faulbrut'),
(1411, 'european_foulbrood', 'category', 3, 'Europische Faulbrut'),
(1412, 'sacbrood_virus', 'category', 3, 'Sackbrutvirus'),
(1413, 'deformed_wing_virus', 'category', 3, 'Flgeldeformationsflgel'),
(1414, 'chalkbrood', 'category', 3, 'Kalkbrut'),
(1415, 'stonebrood', 'category', 3, 'Steinbrut'),
(1416, 'nosema', 'category', 3, 'Nosema'),
(1417, 'count', 'category', 3, 'Zhlung'),
(1418, 'amphibians', 'category', 3, 'Amphibien'),
(1419, 'treatment', 'category', 3, 'Behandlung'),
(1420, 'start_date', 'category', 3, 'Startdatum'),
(1421, 'effect', 'category', 3, 'Effekt'),
(1422, 'comb_honey', 'category', 3, 'Honigzelle'),
(1423, 'frame_with_honey_left', 'category', 3, 'Rhmchen mit Honig brig'),
(1424, 'apistan', 'category', 3, 'Apistan'),
(1425, 'app', 'category', 3, 'App'),
(1426, 'hive_id_2', 'category', 3, 'Beutenname 2'),
(1427, 'varroa', 'category', 3, 'Varoa'),
(1428, 'thymol_containing', 'category', 3, 'Thymol enthaltendes Produkt'),
(1429, 'drone_brood_removal', 'category', 3, 'Drohnenbrut entfernt'),
(1430, 'marked', 'category', 3, 'Markiert'),
(1431, 'miniplus', 'category', 3, 'Miniplus'),
(1432, 'all_stages', 'category', 3, 'Alle Stadien'),
(1433, 'worker_bees', 'category', 3, 'Arbeiterbienen'),
(1434, 'amount_weight', 'category', 3, 'Ernte(Gewicht)'),
(1435, 'end_date', 'category', 3, 'Enddatum'),
(1436, 'comb_only', 'category', 3, 'Leere Zelle'),
(1437, 'no_comb', 'category', 3, 'Keine Zellen'),
(1438, 'brood_removed', 'category', 3, 'Brut entfernt');

--
-- Constraints for dumped tables
--

--
-- Constraints for table `categories`
--
ALTER TABLE `categories`
  ADD CONSTRAINT `categories_category_input_id_foreign` FOREIGN KEY (`category_input_id`) REFERENCES `category_inputs` (`id`) ON UPDATE CASCADE,
  ADD CONSTRAINT `categories_parent_id_foreign` FOREIGN KEY (`parent_id`) REFERENCES `categories` (`id`) ON UPDATE CASCADE,
  ADD CONSTRAINT `categories_physical_quantity_id_foreign` FOREIGN KEY (`physical_quantity_id`) REFERENCES `physical_quantities` (`id`) ON UPDATE CASCADE;

--
-- Constraints for table `checklist_category`
--
ALTER TABLE `checklist_category`
  ADD CONSTRAINT `checklist_category_category_id_foreign` FOREIGN KEY (`category_id`) REFERENCES `categories` (`id`) ON DELETE CASCADE ON UPDATE CASCADE,
  ADD CONSTRAINT `checklist_category_checklist_id_foreign` FOREIGN KEY (`checklist_id`) REFERENCES `checklists` (`id`) ON DELETE CASCADE ON UPDATE CASCADE;

--
-- Constraints for table `translations`
--
ALTER TABLE `translations`
  ADD CONSTRAINT `translations_language_id_foreign` FOREIGN KEY (`language_id`) REFERENCES `languages` (`id`) ON UPDATE CASCADE;


DROP TABLE IF EXISTS `continents`;

CREATE TABLE `continents` (
  `id` int(10) unsigned NOT NULL AUTO_INCREMENT,
  `name` text COLLATE utf8_unicode_ci,
  `abbr` char(2) COLLATE utf8_unicode_ci DEFAULT NULL,
  PRIMARY KEY (`id`),
  KEY `continents_id_index` (`id`)
) ENGINE=InnoDB DEFAULT CHARSET=utf8 COLLATE=utf8_unicode_ci;

LOCK TABLES `continents` WRITE;
/*!40000 ALTER TABLE `continents` DISABLE KEYS */;

INSERT INTO `continents` (`id`, `name`, `abbr`)
VALUES
  (1,'Africa','af'),
  (2,'Antarctica','an'),
  (3,'Asia','as'),
  (4,'Europe','eu'),
  (5,'North America','na'),
  (6,'Oceania','oc'),
  (7,'South and Central America','sa');

/*!40000 ALTER TABLE `continents` ENABLE KEYS */;
UNLOCK TABLES;


/*!40101 SET CHARACTER_SET_CLIENT=@OLD_CHARACTER_SET_CLIENT */;
/*!40101 SET CHARACTER_SET_RESULTS=@OLD_CHARACTER_SET_RESULTS */;
/*!40101 SET COLLATION_CONNECTION=@OLD_COLLATION_CONNECTION */;
